car_id,location,Timestamp,lat,long
35,Jack's Magical Beans,01/06/2014 07:05:32,36.06732325,24.87489702
35,None,01/06/2014 07:06:05,36.06714896,24.87634243
35,None,01/06/2014 07:11:24,36.05193313,24.87721854
35,Cup o'Joe,01/06/2014 07:11:55,36.05194882,24.87877514
35,Cup o'Joe,01/06/2014 07:12:26,36.05120664,24.87959367
35,GAStect,01/06/2014 12:22:01,36.04811395,24.8795751
35,GAStect,01/06/2014 18:16:01,36.0481142,24.87957119
35,Jack's Magical Beans,01/07/2014 06:58:01,36.06750279,24.87334481
35,None,01/07/2014 07:02:48,36.05193368,24.87716747
35,Cup o'Joe,01/07/2014 07:03:19,36.05193815,24.87870212
35,Cup o'Joe,01/07/2014 07:03:50,36.05126803,24.87958433
35,GAStect,01/07/2014 12:35:01,36.04811706,24.87957116
35,GAStect,01/07/2014 18:15:01,36.04811679,24.87956712
35,None,01/07/2014 20:20:01,36.07622215,24.874607
35,Hippokampos,01/07/2014 21:23:01,36.07669784,24.85772179
35,None,01/08/2014 06:23:02,36.07623157,24.87450798
35,Jack's Magical Beans,01/08/2014 06:54:01,36.06750023,24.87332313
35,GAStect,01/08/2014 12:18:01,36.0480231,24.87956527
35,Abila Zacharo,01/08/2014 13:24:03,36.06318795,24.85099104
35,GAStect,01/08/2014 17:50:01,36.04811263,24.87956939
35,None,01/08/2014 19:45:01,36.07626065,24.87469947
35,Hippokampos,01/08/2014 21:43:01,36.0766763,24.85767966
35,None,01/09/2014 06:36:01,36.07623062,24.87471053
35,None,01/09/2014 07:04:15,36.0522374,24.87655977
35,Cup o'Joe,01/09/2014 07:04:46,36.05193654,24.87784318
35,Cup o'Joe,01/09/2014 07:05:17,36.05193237,24.87937107
35,GAStect,01/09/2014 07:05:48,36.05058452,24.87956633
35,GAStect,01/09/2014 07:06:19,36.04904568,24.87958147
35,GAStect,01/09/2014 12:42:01,36.0481097,24.87956851
35,Abila Zacharo,01/09/2014 13:36:01,36.06343446,24.85097339
35,GAStect,01/09/2014 17:52:01,36.04810954,24.87957411
35,None,01/09/2014 19:31:01,36.0762571,24.87460626
35,Hippokampos,01/09/2014 20:42:01,36.07662454,24.85758617
35,None,01/10/2014 06:21:01,36.07622365,24.8746854
35,Jack's Magical Beans,01/10/2014 07:02:01,36.06751634,24.87332801
35,Jack's Magical Beans,01/10/2014 07:02:32,36.06737701,24.87493689
35,None,01/10/2014 07:03:05,36.06710565,24.87634684
35,None,01/10/2014 07:03:38,36.06546452,24.87644696
35,None,01/10/2014 07:07:48,36.05309211,24.87639589
35,None,01/10/2014 07:08:19,36.05194802,24.87697538
35,Cup o'Joe,01/10/2014 07:08:51,36.05195174,24.87857244
35,Cup o'Joe,01/10/2014 07:09:22,36.0513915,24.87958575
35,GAStect,01/10/2014 07:10:25,36.04824456,24.87957552
35,GAStect,01/10/2014 12:14:02,36.04820487,24.8795689
35,GAStect,01/10/2014 18:16:01,36.04811297,24.87957462
35,None,01/10/2014 20:05:01,36.07624031,24.87469355
35,Hippokampos,01/10/2014 22:24:01,36.0766483,24.85770348
35,None,01/11/2014 13:52:01,36.076249,24.87462245
35,kronos capitol,01/11/2014 17:24:03,36.05292921,24.84964036
35,None,01/12/2014 12:45:01,36.07626368,24.87467835
35,Desafio Golf Course,01/12/2014 16:22:01,36.0895563,24.86064648
35,None,01/13/2014 06:46:01,36.07626366,24.87466486
35,Jack's Magical Beans,01/13/2014 06:59:01,36.06754401,24.87333979
35,None,01/13/2014 07:04:45,36.05194861,24.87779251
35,Cup o'Joe,01/13/2014 07:05:16,36.05193143,24.87933185
35,GAStect,01/13/2014 07:05:47,36.05063251,24.87956894
35,GAStect,01/13/2014 07:06:18,36.04909175,24.87957944
35,GAStect,01/13/2014 12:18:01,36.04811417,24.87956971
35,None,01/13/2014 19:39:01,36.07622887,24.87461657
35,Hippokampos,01/13/2014 20:36:01,36.07669622,24.85763914
35,None,01/14/2014 06:38:01,36.076228,24.87459094
35,Jack's Magical Beans,01/14/2014 07:09:32,36.0673218,24.87489639
35,None,01/14/2014 07:10:03,36.06720423,24.87632769
35,None,01/14/2014 07:15:25,36.05194124,24.87727189
35,Cup o'Joe,01/14/2014 07:15:57,36.05194793,24.87887748
35,Cup o'Joe,01/14/2014 07:16:29,36.05105391,24.87958792
35,GAStect,01/14/2014 12:37:01,36.04802308,24.87956859
35,GAStect,01/14/2014 18:01:01,36.04811916,24.87956734
35,None,01/14/2014 19:09:01,36.07623858,24.87471006
35,Hippokampos,01/14/2014 20:26:02,36.07666291,24.85776214
35,None,01/15/2014 06:24:01,36.07626342,24.87467214
35,Jack's Magical Beans,01/15/2014 07:10:33,36.06735357,24.87499412
35,None,01/15/2014 07:11:06,36.06705474,24.87638028
35,None,01/15/2014 07:16:28,36.05192475,24.87742317
35,Cup o'Joe,01/15/2014 07:16:59,36.05193732,24.87896229
35,Cup o'Joe,01/15/2014 07:17:31,36.05094332,24.87956782
35,GAStect,01/15/2014 12:31:01,36.04811567,24.87957604
35,Gelatogalore,01/15/2014 13:41:01,36.05979969,24.85801917
35,GAStect,01/15/2014 17:58:01,36.0481161,24.87957147
35,None,01/15/2014 19:39:02,36.07620852,24.87451954
35,None,01/16/2014 07:00:01,36.07623696,24.87467243
35,None,01/16/2014 07:00:32,36.07603634,24.8731802
35,None,01/16/2014 07:02:06,36.07244234,24.87192212
35,None,01/16/2014 07:02:37,36.07133337,24.87141046
35,Jack's Magical Beans,01/16/2014 07:04:12,36.06761455,24.87261021
35,Jack's Magical Beans,01/16/2014 07:15:01,36.06750501,24.87339969
35,Jack's Magical Beans,01/16/2014 07:15:32,36.06737008,24.87494351
35,None,01/16/2014 07:16:03,36.06720454,24.87634722
35,None,01/16/2014 07:21:22,36.051951,24.87714347
35,Cup o'Joe,01/16/2014 07:21:53,36.05194909,24.87867983
35,Cup o'Joe,01/16/2014 07:22:24,36.05129797,24.87957275
35,GAStect,01/16/2014 07:23:27,36.04815187,24.87956563
35,GAStect,01/16/2014 12:40:01,36.04811804,24.87957501
35,Gelatogalore,01/16/2014 13:37:01,36.05970193,24.85807991
35,Hippokampos,01/16/2014 20:53:01,36.0766625,24.85772603
35,None,01/17/2014 06:13:01,36.07624011,24.87457955
35,Jack's Magical Beans,01/17/2014 06:53:05,36.06744785,24.87375371
35,GAStect,01/17/2014 12:29:01,36.04803198,24.8795697
35,Kalami Kafenion,01/17/2014 13:40:01,36.06583235,24.85247208
35,GAStect,01/17/2014 18:14:01,36.04811039,24.87956851
35,None,01/17/2014 19:23:01,36.07625067,24.8746735
35,Hippokampos,01/17/2014 21:37:02,36.0766559,24.85776266
35,None,01/18/2014 13:05:01,36.07624864,24.87470426
35,Kalami Kafenion,01/18/2014 13:30:01,36.06583536,24.85245104
35,Frydos Autosupply n' More,01/18/2014 16:00:01,36.05497595,24.90172354
35,None,01/18/2014 18:22:01,36.07622418,24.87469007
35,Hippokampos,01/18/2014 19:41:01,36.07663862,24.8576952
35,None,01/19/2014 12:37:01,36.07631646,24.87468375
35,Desafio Golf Course,01/19/2014 16:02:04,36.08931299,24.86041782
35,Hippokampos,01/19/2014 20:04:02,36.07667639,24.85781503
4,Brewed Awakenings,01/06/2014 07:15:01,36.07334355,24.86416737
4,None,01/06/2014 07:16:03,36.07144659,24.86559935
4,None,01/06/2014 07:16:34,36.07085134,24.866598
4,None,01/06/2014 07:17:05,36.0705476,24.8678126
4,None,01/06/2014 07:17:38,36.06965466,24.86863491
4,None,01/06/2014 07:18:09,36.06963733,24.87016742
4,None,01/06/2014 07:18:41,36.06959195,24.87177048
4,None,01/06/2014 07:19:12,36.06939674,24.87329409
4,None,01/06/2014 07:19:43,36.06907123,24.87471218
4,None,01/06/2014 07:20:47,36.06740786,24.87636332
4,None,01/06/2014 07:26:05,36.05192284,24.87689901
4,Cup o'Joe,01/06/2014 07:26:36,36.05193955,24.87841768
4,Cup o'Joe,01/06/2014 07:27:07,36.05155236,24.87958175
4,GAStect,01/06/2014 12:34:02,36.04820503,24.87956716
4,Abila Zacharo,01/06/2014 13:29:01,36.0634518,24.85098404
4,GAStect,01/06/2014 18:20:01,36.04811826,24.87956772
4,Hippokampos,01/06/2014 20:52:03,36.0766451,24.85784517
4,None,01/07/2014 06:42:01,36.07821802,24.87211693
4,Brewed Awakenings,01/07/2014 07:07:01,36.07335427,24.86417674
4,None,01/07/2014 07:08:04,36.07144544,24.86565169
4,None,01/07/2014 07:08:35,36.0708068,24.86658111
4,None,01/07/2014 07:09:06,36.07052656,24.86784663
4,None,01/07/2014 07:09:37,36.06964813,24.86859402
4,None,01/07/2014 07:10:08,36.06964641,24.87011371
4,None,01/07/2014 07:10:40,36.06958349,24.8717261
4,None,01/07/2014 07:11:11,36.06942261,24.87324728
4,None,01/07/2014 07:11:42,36.06914902,24.87467725
4,Jack's Magical Beans,01/07/2014 07:12:13,36.06833655,24.87554143
4,None,01/07/2014 07:12:45,36.06754158,24.87635819
4,Cup o'Joe,01/07/2014 07:18:30,36.05194189,24.87812773
4,Cup o'Joe,01/07/2014 07:19:02,36.05178401,24.87957284
4,GAStect,01/07/2014 12:09:01,36.0481173,24.87956951
4,Abila Zacharo,01/07/2014 13:39:01,36.06336288,24.85100231
4,GAStect,01/07/2014 18:22:01,36.04811324,24.87956576
4,Hippokampos,01/07/2014 21:25:01,36.07666477,24.85766992
4,None,01/08/2014 06:22:01,36.07822164,24.87203758
4,Brewed Awakenings,01/08/2014 07:06:01,36.07328034,24.86417768
4,None,01/08/2014 07:07:06,36.07145474,24.86577462
4,None,01/08/2014 07:07:38,36.07066791,24.86658198
4,None,01/08/2014 07:08:11,36.07052276,24.86809655
4,None,01/08/2014 07:08:42,36.06963191,24.86881671
4,None,01/08/2014 07:09:13,36.06963866,24.87038556
4,None,01/08/2014 07:09:44,36.06957591,24.87192859
4,None,01/08/2014 07:10:16,36.06939982,24.87351381
4,Jack's Magical Beans,01/08/2014 07:10:47,36.06887924,24.87475268
4,Jack's Magical Beans,01/08/2014 07:11:18,36.06833667,24.87576703
4,None,01/08/2014 07:17:05,36.05195481,24.87687752
4,Cup o'Joe,01/08/2014 07:17:39,36.05194409,24.87859651
4,Cup o'Joe,01/08/2014 07:18:10,36.05138344,24.87956951
4,GAStect,01/08/2014 12:32:01,36.04811783,24.8795658
4,Hippokampos,01/08/2014 21:02:01,36.07669045,24.85763266
4,None,01/09/2014 06:56:01,36.07819766,24.87202966
4,Brewed Awakenings,01/09/2014 07:15:01,36.0733307,24.86417979
4,None,01/09/2014 07:16:05,36.07142707,24.86571567
4,None,01/09/2014 07:16:36,36.0707611,24.86657627
4,None,01/09/2014 07:17:07,36.07053717,24.86788642
4,None,01/09/2014 07:17:38,36.06963786,24.86864545
4,None,01/09/2014 07:18:09,36.06962176,24.87018608
4,None,01/09/2014 07:18:40,36.06959432,24.87174136
4,None,01/09/2014 07:19:13,36.06940134,24.8733754
4,None,01/09/2014 07:19:44,36.0690263,24.87473111
4,Jack's Magical Beans,01/09/2014 07:20:16,36.06833361,24.87566872
4,None,01/09/2014 07:26:06,36.05193435,24.87695069
4,Cup o'Joe,01/09/2014 07:26:38,36.05192889,24.87853583
4,Cup o'Joe,01/09/2014 07:27:09,36.05143518,24.87957353
4,GAStect,01/09/2014 12:28:01,36.04803182,24.87957022
4,GAStect,01/09/2014 17:58:01,36.04811065,24.87956779
4,None,01/09/2014 19:53:01,36.07820135,24.87204698
4,Kronos Mart,01/09/2014 21:40:01,36.06597201,24.84977887
4,None,01/10/2014 06:46:02,36.07820909,24.87194484
4,Brewed Awakenings,01/10/2014 07:31:01,36.07334401,24.86418622
4,None,01/10/2014 07:32:04,36.07143987,24.8656564
4,None,01/10/2014 07:32:36,36.07074918,24.86657901
4,None,01/10/2014 07:33:08,36.07052492,24.86795154
4,None,01/10/2014 07:33:39,36.06962401,24.86867374
4,None,01/10/2014 07:34:10,36.06962906,24.87021544
4,None,01/10/2014 07:34:41,36.06960065,24.8717548
4,None,01/10/2014 07:35:13,36.06940756,24.87335698
4,None,01/10/2014 07:35:44,36.06903077,24.87473994
4,Jack's Magical Beans,01/10/2014 07:36:15,36.06834388,24.87564979
4,None,01/10/2014 07:36:46,36.06749058,24.8763209
4,None,01/10/2014 07:42:04,36.05194454,24.87683063
4,Cup o'Joe,01/10/2014 07:42:35,36.05194021,24.87839853
4,Cup o'Joe,01/10/2014 07:43:06,36.05157753,24.87957894
4,GAStect,01/10/2014 12:24:01,36.04811538,24.87957313
4,Katerina's Cafe,01/10/2014 13:34:02,36.05434469,24.89977103
4,GAStect,01/10/2014 18:02:01,36.04810936,24.87957109
4,Hippokampos,01/10/2014 20:11:01,36.07663663,24.85763723
4,Hippokampos,01/11/2014 13:48:01,36.0766573,24.85766373
4,Hippokampos,01/11/2014 19:27:01,36.07668806,24.85767079
4,None,01/12/2014 13:01:01,36.07819816,24.87213341
4,Desafio Golf Course,01/12/2014 16:05:02,36.08950718,24.86062735
4,None,01/12/2014 18:40:01,36.0782136,24.8721265
4,Hippokampos,01/12/2014 20:46:02,36.07669546,24.85778377
4,None,01/13/2014 06:32:01,36.07818854,24.87214688
4,Brewed Awakenings,01/13/2014 07:12:01,36.07335991,24.86420583
4,None,01/13/2014 07:13:03,36.07143679,24.86562572
4,None,01/13/2014 07:13:35,36.07082833,24.86658909
4,None,01/13/2014 07:14:08,36.07053223,24.8679432
4,None,01/13/2014 07:14:40,36.06965422,24.86872089
4,None,01/13/2014 07:15:11,36.06963585,24.87028704
4,None,01/13/2014 07:15:42,36.06957086,24.87182319
4,None,01/13/2014 07:16:13,36.06939053,24.87335795
4,Jack's Magical Beans,01/13/2014 07:16:47,36.06888869,24.87471088
4,Jack's Magical Beans,01/13/2014 07:17:18,36.06835007,24.87576912
4,None,01/13/2014 07:23:08,36.05192972,24.87705137
4,Cup o'Joe,01/13/2014 07:23:39,36.05195055,24.8785701
4,Cup o'Joe,01/13/2014 07:24:10,36.05138787,24.87958422
4,GAStect,01/13/2014 07:25:13,36.04823642,24.8795769
4,GAStect,01/13/2014 12:20:01,36.04811556,24.87956854
4,Abila Zacharo,01/13/2014 13:38:02,36.06328125,24.85103947
4,GAStect,01/13/2014 18:04:01,36.0481137,24.87956618
4,None,01/13/2014 19:28:01,36.07820172,24.87202789
4,Albert's Fine Clothing,01/13/2014 20:36:02,36.0752293,24.8564962
4,None,01/14/2014 07:00:34,36.07725396,24.87148663
4,None,01/14/2014 07:01:05,36.07613403,24.8709393
4,None,01/14/2014 07:01:36,36.07557389,24.86985904
4,None,01/14/2014 07:02:07,36.07523101,24.86857067
4,None,01/14/2014 07:02:38,36.07430736,24.86792952
4,None,01/14/2014 07:03:09,36.07394727,24.86667981
4,None,01/14/2014 07:03:40,36.07334418,24.86575091
4,Brewed Awakenings,01/14/2014 07:04:11,36.07334321,24.86422629
4,Brewed Awakenings,01/14/2014 07:17:01,36.07332041,24.86416839
4,None,01/14/2014 07:18:03,36.07144457,24.86559896
4,None,01/14/2014 07:18:35,36.07082417,24.86659041
4,None,01/14/2014 07:19:06,36.07052416,24.8678577
4,None,01/14/2014 07:19:37,36.06965006,24.86858734
4,None,01/14/2014 07:20:08,36.0696343,24.87014291
4,None,01/14/2014 07:20:39,36.06959132,24.87168967
4,None,01/14/2014 07:21:10,36.06943906,24.8732008
4,None,01/14/2014 07:21:41,36.06920646,24.87471785
4,Jack's Magical Beans,01/14/2014 07:22:15,36.06837666,24.87562672
4,None,01/14/2014 07:28:08,36.05192899,24.87704274
4,Cup o'Joe,01/14/2014 07:28:40,36.05193797,24.87862025
4,Cup o'Joe,01/14/2014 07:29:12,36.05127694,24.87956939
4,GAStect,01/14/2014 07:29:43,36.04973722,24.87957833
4,GAStect,01/14/2014 12:09:01,36.04810879,24.87957497
4,Hippokampos,01/14/2014 13:26:02,36.07665445,24.85777754
4,Brewed Awakenings,01/15/2014 07:10:01,36.07327161,24.86418182
4,None,01/15/2014 07:10:32,36.07175604,24.86425125
4,None,01/15/2014 07:11:03,36.07142823,24.86560613
4,None,01/15/2014 07:11:34,36.07085714,24.86659734
4,None,01/15/2014 07:12:05,36.0705432,24.86779155
4,None,01/15/2014 07:12:36,36.06968978,24.8685644
4,None,01/15/2014 07:13:07,36.06963739,24.87008302
4,None,01/15/2014 07:13:39,36.06958354,24.87165703
4,None,01/15/2014 07:14:10,36.06944199,24.87322492
4,None,01/15/2014 07:14:41,36.06919769,24.87470974
4,Jack's Magical Beans,01/15/2014 07:15:12,36.06834639,24.87547144
4,None,01/15/2014 07:15:45,36.06751651,24.87630644
4,Cup o'Joe,01/15/2014 07:21:37,36.05193703,24.87848805
4,Cup o'Joe,01/15/2014 07:22:08,36.05150423,24.87956534
4,GAStect,01/15/2014 12:11:01,36.04811372,24.8795708
4,Abila Zacharo,01/15/2014 13:31:01,36.06334537,24.85103794
4,GAStect,01/15/2014 18:06:01,36.04811188,24.87957063
4,None,01/15/2014 19:17:01,36.07820615,24.87205466
4,Hippokampos,01/15/2014 20:20:01,36.07662938,24.8576732
4,Brewed Awakenings,01/16/2014 07:12:01,36.07332799,24.86419467
4,None,01/16/2014 07:13:03,36.07145486,24.86559847
4,None,01/16/2014 07:13:34,36.07087795,24.86658322
4,None,01/16/2014 07:14:05,36.0705316,24.86780167
4,None,01/16/2014 07:14:36,36.06968399,24.86859514
4,None,01/16/2014 07:15:07,36.06963296,24.87007534
4,None,01/16/2014 07:15:38,36.06962366,24.87160914
4,None,01/16/2014 07:16:09,36.06942591,24.87315575
4,None,01/16/2014 07:16:40,36.06924825,24.87471789
4,Jack's Magical Beans,01/16/2014 07:17:11,36.06834092,24.87542228
4,None,01/16/2014 07:17:42,36.06763888,24.87630606
4,None,01/16/2014 07:23:02,36.05192058,24.8767526
4,Cup o'Joe,01/16/2014 07:23:34,36.05193255,24.87834418
4,Cup o'Joe,01/16/2014 07:24:05,36.05163593,24.87957243
4,GAStect,01/16/2014 07:25:07,36.04854562,24.87957414
4,GAStect,01/16/2014 12:18:02,36.04820184,24.87957773
4,Katerina's Cafe,01/16/2014 13:24:49,36.05423587,24.89980811
4,GAStect,01/16/2014 18:21:01,36.04811691,24.87957376
4,None,01/16/2014 19:40:01,36.07820518,24.87204159
4,Hippokampos,01/16/2014 21:14:01,36.07663435,24.85765187
4,None,01/17/2014 07:18:01,36.07818834,24.87209265
4,None,01/17/2014 07:18:34,36.07725991,24.87147739
4,None,01/17/2014 07:19:05,36.07612899,24.87094004
4,None,01/17/2014 07:19:36,36.0755737,24.86984031
4,None,01/17/2014 07:20:07,36.07523538,24.86857706
4,None,01/17/2014 07:20:38,36.07430567,24.86793962
4,None,01/17/2014 07:21:09,36.0739472,24.86667523
4,None,01/17/2014 07:21:40,36.07334232,24.86573747
4,Brewed Awakenings,01/17/2014 07:22:11,36.07335275,24.86421456
4,Brewed Awakenings,01/17/2014 07:31:01,36.07328627,24.86419206
4,None,01/17/2014 07:32:04,36.07142761,24.86566964
4,None,01/17/2014 07:32:35,36.0708261,24.86659223
4,None,01/17/2014 07:33:06,36.07053172,24.86784377
4,None,01/17/2014 07:33:37,36.06962817,24.86856999
4,None,01/17/2014 07:34:08,36.06964259,24.87014436
4,None,01/17/2014 07:34:39,36.06961605,24.87167523
4,None,01/17/2014 07:35:11,36.06941239,24.87325184
4,None,01/17/2014 07:35:42,36.06915466,24.8746809
4,Jack's Magical Beans,01/17/2014 07:36:13,36.06832453,24.8755357
4,None,01/17/2014 07:36:44,36.06758192,24.87632742
4,Cup o'Joe,01/17/2014 07:42:28,36.05192835,24.87804141
4,Cup o'Joe,01/17/2014 07:42:59,36.05194756,24.87957914
4,GAStect,01/17/2014 12:19:01,36.04811433,24.87957398
4,GAStect,01/17/2014 18:04:01,36.04811041,24.87956508
4,Hippokampos,01/17/2014 20:55:01,36.07666517,24.8577241
4,None,01/18/2014 12:40:01,36.07818961,24.87204642
4,Katerina's Cafe,01/18/2014 14:04:01,36.05452587,24.89987537
4,None,01/18/2014 18:25:01,36.07820255,24.87203123
4,Roberts and Sons,01/18/2014 19:49:01,36.06320954,24.8522786
4,None,01/19/2014 12:31:01,36.0781901,24.87214361
4,Desafio Golf Course,01/19/2014 16:01:01,36.08955405,24.86063384
19,Bean There Done That,01/06/2014 07:40:01,36.08179819,24.85096166
19,Bean There Done That,01/06/2014 07:40:35,36.08172817,24.85270527
19,None,01/06/2014 07:42:42,36.07939612,24.85663845
19,None,01/06/2014 07:43:18,36.07932809,24.85842668
19,None,01/06/2014 07:44:22,36.07806157,24.86045326
19,None,01/06/2014 07:44:53,36.07802521,24.86195003
19,None,01/06/2014 07:45:24,36.07805718,24.86349573
19,None,01/06/2014 07:45:56,36.07680788,24.8643193
19,None,01/06/2014 07:46:27,36.07617947,24.86570212
19,None,01/06/2014 07:47:29,36.07332119,24.86598381
19,None,01/06/2014 07:48:00,36.07248226,24.86666884
19,None,01/06/2014 07:48:31,36.07222734,24.86809223
19,None,01/06/2014 07:49:03,36.07064656,24.86818185
19,None,01/06/2014 07:49:35,36.06963409,24.86885689
19,None,01/06/2014 07:50:06,36.0696318,24.87039323
19,None,01/06/2014 07:50:37,36.06958505,24.87192742
19,None,01/06/2014 07:51:09,36.06936244,24.87350219
19,Jack's Magical Beans,01/06/2014 07:51:42,36.06877931,24.87474134
19,Jack's Magical Beans,01/06/2014 07:52:14,36.06833979,24.87594727
19,None,01/06/2014 07:58:02,36.05192196,24.87711794
19,Cup o'Joe,01/06/2014 07:58:33,36.0519262,24.87864583
19,Cup o'Joe,01/06/2014 07:59:05,36.05126546,24.87957145
19,GAStect,01/06/2014 11:56:01,36.0481104,24.87957539
19,Hippokampos,01/06/2014 20:34:03,36.07670617,24.85737641
19,None,01/07/2014 07:00:01,36.08789361,24.85622213
19,None,01/07/2014 07:00:32,36.08744214,24.85515871
19,None,01/07/2014 07:02:10,36.08365103,24.85399151
19,Bean There Done That,01/07/2014 07:02:43,36.08278155,24.85329397
19,Bean There Done That,01/07/2014 07:03:48,36.08175141,24.85093899
19,Bean There Done That,01/07/2014 07:48:02,36.08178309,24.85100161
19,Bean There Done That,01/07/2014 07:48:35,36.08175894,24.85263424
19,None,01/07/2014 07:49:38,36.08087098,24.85493175
19,None,01/07/2014 07:50:40,36.07940824,24.85652222
19,None,01/07/2014 07:51:17,36.07932923,24.85841245
19,None,01/07/2014 07:52:25,36.0780332,24.86054647
19,None,01/07/2014 07:52:56,36.07804138,24.86211315
19,None,01/07/2014 07:53:27,36.07803292,24.86365546
19,None,01/07/2014 07:53:58,36.07673629,24.86439345
19,None,01/07/2014 07:54:31,36.07599014,24.86579536
19,None,01/07/2014 07:55:03,36.0744164,24.86568224
19,None,01/07/2014 07:55:34,36.0733474,24.86625036
19,None,01/07/2014 07:56:05,36.0724065,24.86687861
19,None,01/07/2014 07:56:36,36.07197947,24.86812805
19,None,01/07/2014 07:57:07,36.07052005,24.86827193
19,None,01/07/2014 07:57:40,36.06965508,24.86908074
19,None,01/07/2014 07:58:11,36.06962004,24.87063021
19,None,01/07/2014 07:58:42,36.06955417,24.87217328
19,None,01/07/2014 07:59:14,36.06934176,24.87376606
19,Jack's Magical Beans,01/07/2014 07:59:46,36.06857511,24.87473854
19,None,01/07/2014 08:00:20,36.06832793,24.87627453
19,None,01/07/2014 08:06:11,36.05192393,24.87755493
19,Cup o'Joe,01/07/2014 08:06:42,36.0519452,24.87910929
19,Cup o'Joe,01/07/2014 08:07:13,36.05088533,24.87956822
19,GAStect,01/07/2014 12:05:01,36.04810833,24.87957077
19,Albert's Fine Clothing,01/07/2014 20:06:02,36.0754351,24.85628431
19,None,01/08/2014 07:10:01,36.08793123,24.8562887
19,None,01/08/2014 07:12:18,36.08349111,24.85380331
19,Bean There Done That,01/08/2014 07:48:01,36.08179896,24.85094391
19,Bean There Done That,01/08/2014 07:48:34,36.08172939,24.85256546
19,None,01/08/2014 07:49:37,36.08089507,24.85485702
19,None,01/08/2014 07:50:44,36.07937789,24.85675174
19,None,01/08/2014 07:51:16,36.07939107,24.85832329
19,None,01/08/2014 07:52:20,36.07808054,24.86031547
19,None,01/08/2014 07:52:51,36.07804549,24.86187505
19,None,01/08/2014 07:53:23,36.07805554,24.86344682
19,None,01/08/2014 07:54:26,36.07617579,24.86565695
19,None,01/08/2014 07:54:57,36.07471456,24.86571979
19,None,01/08/2014 07:55:28,36.07334805,24.86593831
19,None,01/08/2014 07:55:59,36.07251574,24.86669294
19,None,01/08/2014 07:56:30,36.07228832,24.86808372
19,None,01/08/2014 07:57:33,36.06962003,24.86874673
19,None,01/08/2014 07:58:04,36.06963517,24.87030079
19,None,01/08/2014 07:58:35,36.06957112,24.87184112
19,None,01/08/2014 07:59:06,36.06942099,24.87339327
19,None,01/08/2014 07:59:37,36.06902819,24.87469404
19,Jack's Magical Beans,01/08/2014 08:00:09,36.06837568,24.87569603
19,None,01/08/2014 08:00:41,36.06734861,24.87637063
19,None,01/08/2014 08:05:55,36.05194223,24.87675304
19,Cup o'Joe,01/08/2014 08:06:26,36.05194105,24.87831247
19,Cup o'Joe,01/08/2014 08:06:58,36.05161352,24.87959123
19,GAStect,01/08/2014 08:08:00,36.04853069,24.87957703
19,GAStect,01/08/2014 12:09:01,36.04811974,24.87956975
19,Katerina's Cafe,01/08/2014 13:45:01,36.05442514,24.89991823
19,GAStect,01/08/2014 17:30:01,36.04811384,24.87956556
19,None,01/08/2014 19:22:03,36.08790059,24.85602624
19,Hippokampos,01/08/2014 20:03:01,36.07664529,24.85752747
19,None,01/09/2014 07:03:01,36.08789043,24.85632892
19,None,01/09/2014 07:05:14,36.08363139,24.85387011
19,Bean There Done That,01/09/2014 07:06:19,36.08281313,24.85146463
19,Bean There Done That,01/09/2014 07:37:32,36.08173917,24.85252616
19,Bean There Done That,01/09/2014 07:38:04,36.08087931,24.85324629
19,None,01/09/2014 07:38:37,36.08093596,24.85481489
19,None,01/09/2014 07:40:16,36.0793247,24.85831636
19,None,01/09/2014 07:41:50,36.07804252,24.8618264
19,None,01/09/2014 07:42:21,36.07805273,24.86334298
19,None,01/09/2014 07:42:52,36.07695524,24.86419455
19,None,01/09/2014 07:43:23,36.07625632,24.86552859
19,None,01/09/2014 07:44:56,36.07266747,24.86666996
19,None,01/09/2014 07:45:27,36.07233692,24.86797871
19,None,01/09/2014 07:45:58,36.07089372,24.86817041
19,None,01/09/2014 07:46:29,36.06965829,24.86858887
19,None,01/09/2014 07:47:00,36.06963577,24.87011203
19,None,01/09/2014 07:47:31,36.06960422,24.87163821
19,None,01/09/2014 07:48:05,36.06939212,24.87331393
19,None,01/09/2014 07:48:36,36.06906585,24.87470576
19,Jack's Magical Beans,01/09/2014 07:49:08,36.06834636,24.87568547
19,None,01/09/2014 07:54:28,36.05309541,24.87639407
19,None,01/09/2014 07:54:59,36.05195298,24.87695942
19,Cup o'Joe,01/09/2014 07:55:31,36.05194915,24.87856421
19,Cup o'Joe,01/09/2014 07:56:02,36.05141002,24.87958006
19,GAStect,01/09/2014 07:57:04,36.04832009,24.87956639
19,GAStect,01/09/2014 11:55:01,36.04810854,24.87957213
19,Kalami Kafenion,01/09/2014 13:31:01,36.06581346,24.85246986
19,GAStect,01/09/2014 17:51:01,36.04811876,24.87956855
19,Hippokampos,01/09/2014 21:07:01,36.07663819,24.8575123
19,None,01/10/2014 07:37:01,36.08784853,24.8563725
19,None,01/10/2014 07:37:34,36.087369,24.85508777
19,Bean There Done That,01/10/2014 07:39:43,36.08282192,24.85323085
19,Bean There Done That,01/10/2014 07:51:02,36.08175645,24.85099079
19,None,01/10/2014 07:52:39,36.08087637,24.85484116
19,None,01/10/2014 07:53:42,36.07940394,24.85667201
19,None,01/10/2014 07:54:13,36.07932892,24.85819546
19,None,01/10/2014 07:55:17,36.07807381,24.86017327
19,None,01/10/2014 07:55:48,36.07805355,24.86171423
19,None,01/10/2014 07:56:19,36.07806155,24.86323808
19,None,01/10/2014 07:56:51,36.07696267,24.86412815
19,None,01/10/2014 07:57:22,36.07627884,24.86549408
19,None,01/10/2014 07:58:56,36.0726905,24.86668243
19,None,01/10/2014 07:59:28,36.07232839,24.86801762
19,None,01/10/2014 07:59:59,36.07086125,24.86817554
19,None,01/10/2014 08:00:30,36.06963497,24.86859952
19,None,01/10/2014 08:01:01,36.0696338,24.87015703
19,None,01/10/2014 08:01:32,36.06959079,24.87168251
19,None,01/10/2014 08:02:04,36.0694188,24.87326467
19,None,01/10/2014 08:02:36,36.06909101,24.87473548
19,Jack's Magical Beans,01/10/2014 08:03:08,36.06837701,24.87565039
19,None,01/10/2014 08:08:57,36.05194489,24.87685204
19,Cup o'Joe,01/10/2014 08:09:28,36.0519243,24.87840293
19,Cup o'Joe,01/10/2014 08:09:59,36.05157172,24.87958375
19,GAStect,01/10/2014 11:48:01,36.04811285,24.87956595
19,Katerina's Cafe,01/10/2014 13:51:01,36.05445832,24.8998836
19,GAStect,01/10/2014 17:41:01,36.04811951,24.87957442
19,None,01/10/2014 19:07:01,36.08782302,24.85641542
19,None,01/10/2014 19:39:02,36.08527204,24.86044546
19,None,01/11/2014 12:40:01,36.0878733,24.85627695
19,Katerina's Cafe,01/11/2014 13:37:01,36.05454831,24.89995893
19,None,01/12/2014 18:18:02,36.08789561,24.85609531
19,Hippokampos,01/12/2014 19:36:01,36.07667242,24.85761322
19,None,01/13/2014 07:12:01,36.08784825,24.85632423
19,None,01/13/2014 07:12:32,36.08745266,24.85515037
19,None,01/13/2014 07:14:21,36.0833219,24.85379023
19,Bean There Done That,01/13/2014 07:14:52,36.08278378,24.85274519
19,Bean There Done That,01/13/2014 07:15:25,36.0828072,24.85112789
19,Bean There Done That,01/13/2014 07:49:03,36.08180537,24.85101508
19,None,01/13/2014 07:50:15,36.08087555,24.85375994
19,None,01/13/2014 07:50:48,36.08036911,24.85486012
19,None,01/13/2014 07:52:23,36.07936733,24.85871759
19,None,01/13/2014 07:53:26,36.0780304,24.86060359
19,None,01/13/2014 07:53:57,36.07804532,24.86218201
19,None,01/13/2014 07:54:28,36.07801241,24.86368064
19,None,01/13/2014 07:55:01,36.07668682,24.86454173
19,None,01/13/2014 07:55:32,36.07594071,24.86579727
19,None,01/13/2014 07:56:34,36.07334715,24.86623988
19,None,01/13/2014 07:57:05,36.07242211,24.86688734
19,None,01/13/2014 07:57:36,36.07198081,24.8681107
19,None,01/13/2014 07:58:38,36.06964301,24.86898886
19,None,01/13/2014 07:59:09,36.06962839,24.87053869
19,None,01/13/2014 07:59:41,36.06954702,24.87213138
19,None,01/13/2014 08:00:13,36.06938401,24.87373277
19,Jack's Magical Beans,01/13/2014 08:00:44,36.06868383,24.87473392
19,Jack's Magical Beans,01/13/2014 08:01:15,36.06832938,24.87599519
19,None,01/13/2014 08:07:08,36.05195463,24.87738781
19,Cup o'Joe,01/13/2014 08:07:39,36.0519369,24.87893086
19,Cup o'Joe,01/13/2014 08:08:11,36.05096535,24.87958832
19,GAStect,01/13/2014 11:56:01,36.04811078,24.87956818
19,Abila Zacharo,01/13/2014 13:34:01,36.06338472,24.8510287
19,GAStect,01/13/2014 17:46:01,36.04811832,24.87956728
19,None,01/14/2014 07:11:01,36.08786426,24.85623336
19,None,01/14/2014 07:11:32,36.08745305,24.85512095
19,Bean There Done That,01/14/2014 07:13:39,36.08280858,24.85348262
19,Bean There Done That,01/14/2014 07:14:10,36.08276247,24.85191395
19,Bean There Done That,01/14/2014 07:46:02,36.08173043,24.85101283
19,Bean There Done That,01/14/2014 07:46:34,36.08172657,24.85266136
19,None,01/14/2014 07:47:37,36.08093571,24.85479682
19,None,01/14/2014 07:48:39,36.07933663,24.8565087
19,None,01/14/2014 07:49:10,36.07937174,24.85807451
19,None,01/14/2014 07:50:17,36.07806187,24.86014961
19,None,01/14/2014 07:50:48,36.07802066,24.86174034
19,None,01/14/2014 07:51:19,36.07806293,24.86323598
19,None,01/14/2014 07:51:50,36.07701706,24.86410837
19,None,01/14/2014 07:52:23,36.07623635,24.86553357
19,None,01/14/2014 07:52:55,36.07482652,24.86573196
19,None,01/14/2014 07:53:57,36.07261633,24.86666492
19,None,01/14/2014 07:54:28,36.07234117,24.8680237
19,None,01/14/2014 07:55:30,36.06964535,24.86860302
19,None,01/14/2014 07:56:01,36.06963883,24.87013653
19,None,01/14/2014 07:56:32,36.06958177,24.87169671
19,None,01/14/2014 07:57:03,36.0694143,24.8732224
19,None,01/14/2014 07:57:34,36.06919631,24.87472193
19,Jack's Magical Beans,01/14/2014 07:58:06,36.06833032,24.87554731
19,None,01/14/2014 07:58:38,36.06748213,24.87632838
19,None,01/14/2014 08:03:54,36.05194327,24.87669356
19,Cup o'Joe,01/14/2014 08:04:25,36.05193608,24.87824872
19,Cup o'Joe,01/14/2014 08:04:57,36.05168761,24.87959278
19,GAStect,01/14/2014 12:09:01,36.04811621,24.87957562
19,Katerina's Cafe,01/14/2014 13:29:02,36.05438762,24.8997945
19,GAStect,01/14/2014 17:46:01,36.04811388,24.87957117
19,Hippokampos,01/14/2014 21:09:01,36.07669095,24.85761448
19,None,01/15/2014 07:07:01,36.08788944,24.85627417
19,None,01/15/2014 07:09:15,36.08364143,24.85385569
19,Bean There Done That,01/15/2014 07:10:19,36.08277393,24.85146448
19,Bean There Done That,01/15/2014 07:55:01,36.08180554,24.85087799
19,None,01/15/2014 07:56:36,36.08086787,24.85482615
19,None,01/15/2014 07:58:14,36.0793514,24.85822619
19,None,01/15/2014 07:59:17,36.0780358,24.86015058
19,None,01/15/2014 07:59:52,36.07804862,24.86192591
19,None,01/15/2014 08:00:23,36.0780679,24.86347348
19,None,01/15/2014 08:00:54,36.07689409,24.86425527
19,None,01/15/2014 08:01:27,36.07615595,24.86570513
19,None,01/15/2014 08:02:29,36.073332,24.865995
19,None,01/15/2014 08:03:00,36.07248121,24.86669148
19,None,01/15/2014 08:03:31,36.07223412,24.86810018
19,None,01/15/2014 08:04:34,36.0696448,24.86880529
19,None,01/15/2014 08:05:06,36.06963562,24.87041174
19,None,01/15/2014 08:05:39,36.06957142,24.87202939
19,None,01/15/2014 08:06:10,36.06938787,24.87357811
19,Jack's Magical Beans,01/15/2014 08:06:41,36.0688535,24.87471433
19,Jack's Magical Beans,01/15/2014 08:07:13,36.06834435,24.87588826
19,None,01/15/2014 08:13:02,36.05192838,24.87710093
19,Cup o'Joe,01/15/2014 08:13:34,36.05194007,24.87869835
19,Cup o'Joe,01/15/2014 08:14:05,36.05127065,24.87957855
19,GAStect,01/15/2014 12:11:01,36.04811492,24.87957199
19,Kalami Kafenion,01/15/2014 13:46:01,36.06582188,24.85245699
19,GAStect,01/15/2014 17:46:01,36.04811966,24.87957659
19,None,01/15/2014 19:50:01,36.08782081,24.85622275
19,Hippokampos,01/15/2014 21:12:03,36.07668768,24.85730938
19,None,01/16/2014 07:19:01,36.08791406,24.85630046
19,None,01/16/2014 07:21:11,36.08360801,24.85396707
19,Bean There Done That,01/16/2014 07:48:01,36.08180512,24.8509669
19,Bean There Done That,01/16/2014 07:48:35,36.0817593,24.85263633
19,None,01/16/2014 07:49:40,36.08079174,24.8549062
19,None,01/16/2014 07:50:42,36.07939563,24.85661822
19,None,01/16/2014 07:51:13,36.07939786,24.85824029
19,None,01/16/2014 07:51:46,36.07849958,24.85909315
19,None,01/16/2014 07:52:17,36.07803209,24.86014303
19,None,01/16/2014 07:52:52,36.0780789,24.86189237
19,None,01/16/2014 07:53:23,36.07804156,24.86343006
19,None,01/16/2014 07:53:54,36.07686382,24.86426763
19,None,01/16/2014 07:54:25,36.07619291,24.86563026
19,None,01/16/2014 07:54:57,36.07471683,24.86574338
19,None,01/16/2014 07:55:28,36.07333954,24.86594709
19,None,01/16/2014 07:55:59,36.07253535,24.86666603
19,None,01/16/2014 07:56:30,36.07228973,24.86807234
19,None,01/16/2014 07:57:32,36.06963421,24.86870052
19,None,01/16/2014 07:58:03,36.06965,24.87026053
19,None,01/16/2014 07:58:34,36.06958989,24.87179561
19,None,01/16/2014 07:59:05,36.06942533,24.8733397
19,Jack's Magical Beans,01/16/2014 07:59:38,36.06900003,24.87473525
19,Jack's Magical Beans,01/16/2014 08:00:09,36.06832646,24.8756864
19,None,01/16/2014 08:06:03,36.05194262,24.87716503
19,Cup o'Joe,01/16/2014 08:06:34,36.05192945,24.87868303
19,Cup o'Joe,01/16/2014 08:07:05,36.0512897,24.87958751
19,GAStect,01/16/2014 08:08:07,36.04817688,24.87956949
19,GAStect,01/16/2014 11:51:01,36.04811292,24.87957541
19,Kalami Kafenion,01/16/2014 13:29:01,36.06581431,24.85245146
19,Hippokampos,01/16/2014 20:46:01,36.07663414,24.85748071
19,None,01/17/2014 07:39:07,36.08788598,24.85596199
19,Bean There Done That,01/17/2014 07:41:54,36.0827481,24.85270651
19,Bean There Done That,01/17/2014 07:53:02,36.08177225,24.85101106
19,Bean There Done That,01/17/2014 07:54:06,36.08090702,24.85325598
19,None,01/17/2014 07:54:41,36.08074164,24.85490462
19,None,01/17/2014 07:57:20,36.0780317,24.86034607
19,None,01/17/2014 07:57:52,36.07805979,24.86189823
19,None,01/17/2014 07:58:25,36.07803497,24.86353987
19,None,01/17/2014 07:58:57,36.07675577,24.86434854
19,None,01/17/2014 07:59:28,36.07612852,24.86576201
19,None,01/17/2014 07:59:59,36.07459795,24.8657303
19,None,01/17/2014 08:00:30,36.07334918,24.86602954
19,None,01/17/2014 08:01:01,36.07244981,24.86668674
19,None,01/17/2014 08:01:32,36.07218103,24.86808696
19,None,01/17/2014 08:02:35,36.06963305,24.86883142
19,None,01/17/2014 08:03:06,36.069645,24.87038854
19,None,01/17/2014 08:03:37,36.06959096,24.87194504
19,None,01/17/2014 08:04:08,36.0693882,24.87345269
19,Jack's Magical Beans,01/17/2014 08:04:40,36.06885939,24.87471311
19,Jack's Magical Beans,01/17/2014 08:05:11,36.06834752,24.8758199
19,None,01/17/2014 08:05:42,36.06732401,24.87636053
19,None,01/17/2014 08:10:28,36.05308639,24.87641016
19,None,01/17/2014 08:10:59,36.05193529,24.8769607
19,Cup o'Joe,01/17/2014 08:11:30,36.05193927,24.87848392
19,Cup o'Joe,01/17/2014 08:12:01,36.05147293,24.87958683
19,GAStect,01/17/2014 11:53:01,36.04811656,24.87957365
19,Abila Zacharo,01/17/2014 13:33:02,36.0632561,24.85101687
19,GAStect,01/17/2014 17:42:01,36.04811091,24.87957485
19,None,01/18/2014 12:39:01,36.0879033,24.85637582
19,Ouzeri Elian,01/18/2014 13:20:01,36.05193808,24.87088708
19,Albert's Fine Clothing,01/18/2014 15:31:01,36.07530943,24.85628297
19,None,01/18/2014 18:22:01,36.08792226,24.85632778
19,Hippokampos,01/18/2014 19:37:01,36.07666769,24.85752244
19,None,01/19/2014 12:42:04,36.08788921,24.8559916
19,Gelatogalore,01/19/2014 13:11:01,36.05976974,24.85805714
19,None,01/19/2014 18:34:01,36.08787606,24.85633429
19,Hippokampos,01/19/2014 19:46:02,36.07668276,24.85741615
10,None,01/06/2014 07:35:05,36.07144,24.86571233
10,None,01/06/2014 07:35:36,36.07076191,24.86657454
10,None,01/06/2014 07:36:07,36.0705316,24.86790152
10,None,01/06/2014 07:36:38,36.06962689,24.86863131
10,None,01/06/2014 07:37:10,36.06965141,24.87022608
10,None,01/06/2014 07:37:41,36.06957216,24.87178478
10,None,01/06/2014 07:38:12,36.06940012,24.87328938
10,None,01/06/2014 07:38:44,36.06903306,24.87470793
10,Jack's Magical Beans,01/06/2014 07:39:15,36.06833837,24.87566211
10,None,01/06/2014 07:39:48,36.06738317,24.8763124
10,None,01/06/2014 07:45:05,36.05194256,24.8768755
10,Cup o'Joe,01/06/2014 07:45:36,36.05193765,24.87844798
10,Cup o'Joe,01/06/2014 07:46:07,36.05152686,24.87957009
10,GAStect,01/06/2014 11:52:01,36.04811452,24.87956893
10,Katerina's Cafe,01/06/2014 13:00:01,36.05445954,24.89987905
10,GAStect,01/06/2014 18:14:01,36.04811377,24.87956729
10,None,01/06/2014 19:49:01,36.07675539,24.86588924
10,Hippokampos,01/06/2014 21:57:01,36.07669838,24.85761546
10,None,01/07/2014 07:18:01,36.07683232,24.86586717
10,Brewed Awakenings,01/07/2014 07:19:03,36.07427013,24.86516343
10,Brewed Awakenings,01/07/2014 07:19:34,36.07376678,24.86418777
10,Brewed Awakenings,01/07/2014 07:37:01,36.07328174,24.86418861
10,None,01/07/2014 07:38:03,36.0714299,24.86562343
10,None,01/07/2014 07:38:34,36.07086958,24.86659737
10,None,01/07/2014 07:39:05,36.07055013,24.86778566
10,None,01/07/2014 07:39:36,36.06967712,24.86857211
10,None,01/07/2014 07:40:07,36.06964593,24.87008173
10,None,01/07/2014 07:40:38,36.06962435,24.87163819
10,None,01/07/2014 07:41:09,36.06940925,24.87315
10,None,01/07/2014 07:41:41,36.0691697,24.87471557
10,Jack's Magical Beans,01/07/2014 07:42:13,36.06837413,24.87551966
10,None,01/07/2014 07:42:47,36.06738425,24.87635067
10,None,01/07/2014 07:48:01,36.0519422,24.87669081
10,Cup o'Joe,01/07/2014 07:48:33,36.05192366,24.87829603
10,Cup o'Joe,01/07/2014 07:49:04,36.05167846,24.87956866
10,GAStect,01/07/2014 07:50:06,36.04859563,24.87956897
10,GAStect,01/07/2014 12:10:01,36.04811946,24.87957413
10,None,01/07/2014 19:52:01,36.07676738,24.86588861
10,Hippokampos,01/07/2014 21:56:01,36.07662311,24.85758743
10,None,01/08/2014 06:46:01,36.0768274,24.8658965
10,None,01/08/2014 07:26:03,36.07144019,24.86562043
10,None,01/08/2014 07:26:35,36.07082668,24.86659014
10,None,01/08/2014 07:27:09,36.07052743,24.86801245
10,None,01/08/2014 07:27:40,36.06963534,24.8687354
10,None,01/08/2014 07:28:11,36.06963848,24.87027567
10,None,01/08/2014 07:28:44,36.06957113,24.87192448
10,None,01/08/2014 07:29:17,36.06939162,24.87357647
10,Jack's Magical Beans,01/08/2014 07:29:48,36.06885393,24.87471898
10,Jack's Magical Beans,01/08/2014 07:30:19,36.06836759,24.87581172
10,Cup o'Joe,01/08/2014 07:36:35,36.0519273,24.87839016
10,Cup o'Joe,01/08/2014 07:37:08,36.05147615,24.87957809
10,GAStect,01/08/2014 11:57:01,36.04811877,24.87957429
10,None,01/08/2014 19:43:01,36.07673513,24.86585926
10,Hippokampos,01/08/2014 20:56:01,36.07663869,24.85767154
10,None,01/09/2014 07:06:01,36.07683004,24.86586632
10,Brewed Awakenings,01/09/2014 07:07:03,36.07428445,24.86513961
10,Brewed Awakenings,01/09/2014 07:07:34,36.07378127,24.86418026
10,Brewed Awakenings,01/09/2014 07:37:01,36.07330527,24.8641814
10,None,01/09/2014 07:38:04,36.07142676,24.86565596
10,None,01/09/2014 07:38:35,36.07081146,24.86659657
10,None,01/09/2014 07:39:06,36.07054906,24.86786456
10,None,01/09/2014 07:39:37,36.06962948,24.86860182
10,None,01/09/2014 07:40:09,36.06963073,24.87016997
10,None,01/09/2014 07:40:42,36.06958459,24.87182463
10,None,01/09/2014 07:41:14,36.0694031,24.87341898
10,Jack's Magical Beans,01/09/2014 07:41:46,36.06895295,24.87474195
10,Jack's Magical Beans,01/09/2014 07:42:17,36.06832304,24.87576723
10,None,01/09/2014 07:48:06,36.05195114,24.87692952
10,Cup o'Joe,01/09/2014 07:48:38,36.051941,24.87852503
10,Cup o'Joe,01/09/2014 07:49:09,36.05143087,24.87958901
10,GAStect,01/09/2014 12:13:01,36.04811901,24.87957368
10,GAStect,01/09/2014 18:02:01,36.04810848,24.87957399
10,None,01/09/2014 19:43:02,36.07667637,24.86584309
10,Albert's Fine Clothing,01/09/2014 21:29:02,36.07522099,24.8564619
10,Brewed Awakenings,01/10/2014 07:24:01,36.07332113,24.86416918
10,None,01/10/2014 07:25:04,36.07144634,24.86565936
10,None,01/10/2014 07:25:35,36.07080588,24.86659027
10,None,01/10/2014 07:26:06,36.07053353,24.86785003
10,None,01/10/2014 07:26:39,36.06963036,24.86868803
10,None,01/10/2014 07:27:10,36.06964989,24.87021213
10,None,01/10/2014 07:27:41,36.06958676,24.87176493
10,None,01/10/2014 07:28:12,36.06940094,24.87332204
10,None,01/10/2014 07:28:43,36.06910706,24.87472988
10,Jack's Magical Beans,01/10/2014 07:29:15,36.06835147,24.87563678
10,Cup o'Joe,01/10/2014 07:35:35,36.05192522,24.87836801
10,Cup o'Joe,01/10/2014 07:36:06,36.05160302,24.87956905
10,GAStect,01/10/2014 12:17:01,36.04811251,24.87956911
10,None,01/10/2014 19:48:01,36.07674858,24.86587972
10,Hippokampos,01/10/2014 20:54:03,36.07664392,24.85784692
10,None,01/11/2014 18:20:01,36.07682708,24.86588753
10,Hippokampos,01/11/2014 19:53:01,36.07663506,24.85768031
10,None,01/12/2014 12:39:01,36.07675492,24.86586837
10,Ouzeri Elian,01/12/2014 13:04:01,36.05193908,24.87086416
10,None,01/12/2014 17:59:03,36.07657647,24.86584546
10,Hippokampos,01/12/2014 19:53:01,36.07664938,24.85762146
10,None,01/13/2014 06:49:01,36.07676071,24.86586473
10,None,01/13/2014 07:21:05,36.07145302,24.86572448
10,None,01/13/2014 07:21:40,36.0705558,24.86657165
10,None,01/13/2014 07:22:11,36.07053767,24.86809845
10,None,01/13/2014 07:22:42,36.06962198,24.86882731
10,None,01/13/2014 07:23:13,36.0696368,24.87036841
10,None,01/13/2014 07:23:44,36.06956707,24.87194172
10,None,01/13/2014 07:24:15,36.06938471,24.8734592
10,Jack's Magical Beans,01/13/2014 07:24:47,36.06888079,24.87475751
10,Jack's Magical Beans,01/13/2014 07:25:19,36.0683307,24.87586538
10,None,01/13/2014 07:25:51,36.06722811,24.87637187
10,None,01/13/2014 07:31:11,36.05194007,24.87718478
10,Cup o'Joe,01/13/2014 07:31:42,36.05194618,24.87872049
10,Cup o'Joe,01/13/2014 07:32:14,36.05117826,24.87957783
10,GAStect,01/13/2014 07:32:45,36.04962997,24.87957211
10,GAStect,01/13/2014 07:33:16,36.0480857,24.87956825
10,GAStect,01/13/2014 12:05:01,36.04811709,24.87956969
10,Gelatogalore,01/13/2014 13:21:01,36.05968551,24.85800821
10,GAStect,01/13/2014 17:56:01,36.04811492,24.87956827
10,Hippokampos,01/13/2014 21:19:02,36.0766226,24.85779662
10,None,01/14/2014 07:17:01,36.07682444,24.86588573
10,Brewed Awakenings,01/14/2014 07:18:03,36.0742792,24.86513974
10,Brewed Awakenings,01/14/2014 07:18:34,36.07375295,24.86418662
10,Brewed Awakenings,01/14/2014 07:42:01,36.07330964,24.86420191
10,None,01/14/2014 07:43:05,36.07144034,24.86570434
10,None,01/14/2014 07:43:36,36.0707657,24.86658674
10,None,01/14/2014 07:44:07,36.07053693,24.86788669
10,None,01/14/2014 07:44:38,36.06963972,24.86862526
10,None,01/14/2014 07:45:09,36.06964737,24.87017481
10,None,01/14/2014 07:45:40,36.06959143,24.87173187
10,None,01/14/2014 07:46:11,36.06939958,24.87326737
10,None,01/14/2014 07:46:43,36.06907376,24.87473428
10,Jack's Magical Beans,01/14/2014 07:47:15,36.06834369,24.87565011
10,None,01/14/2014 07:47:49,36.06730768,24.87632755
10,None,01/14/2014 07:53:03,36.05192017,24.87677754
10,Cup o'Joe,01/14/2014 07:53:34,36.05194664,24.87832064
10,Cup o'Joe,01/14/2014 07:54:05,36.0516434,24.87956854
10,GAStect,01/14/2014 12:03:01,36.04811836,24.8795705
10,Kalami Kafenion,01/14/2014 13:28:01,36.06582216,24.85245535
10,None,01/14/2014 19:32:01,36.07682044,24.86587161
10,Hippokampos,01/14/2014 20:53:04,36.07667879,24.85796927
10,None,01/15/2014 06:41:01,36.07682864,24.86588745
10,None,01/15/2014 07:17:05,36.0714382,24.86573183
10,None,01/15/2014 07:17:36,36.07077768,24.86659253
10,None,01/15/2014 07:18:07,36.07054601,24.86789707
10,None,01/15/2014 07:18:38,36.06962542,24.8686373
10,None,01/15/2014 07:19:09,36.06962739,24.8701705
10,None,01/15/2014 07:19:40,36.06958178,24.87172577
10,None,01/15/2014 07:20:12,36.06941935,24.87332435
10,None,01/15/2014 07:20:43,36.06908737,24.8747005
10,Jack's Magical Beans,01/15/2014 07:21:16,36.06834463,24.87571262
10,None,01/15/2014 07:27:06,36.0519473,24.87693907
10,Cup o'Joe,01/15/2014 07:27:38,36.05194781,24.87854329
10,Cup o'Joe,01/15/2014 07:28:09,36.05143673,24.87959048
10,GAStect,01/15/2014 11:57:01,36.04811303,24.8795738
10,None,01/15/2014 19:36:01,36.07682397,24.8658793
10,Shoppers' Delight,01/15/2014 20:13:01,36.0528827,24.86853763
10,None,01/16/2014 07:10:01,36.07677233,24.86588951
10,Brewed Awakenings,01/16/2014 07:11:03,36.07427557,24.86516467
10,Brewed Awakenings,01/16/2014 07:11:34,36.07377127,24.86418348
10,Brewed Awakenings,01/16/2014 07:32:01,36.07330951,24.86416685
10,None,01/16/2014 07:33:04,36.07144007,24.86565013
10,None,01/16/2014 07:33:35,36.07082689,24.86658785
10,None,01/16/2014 07:34:06,36.07054174,24.86784706
10,None,01/16/2014 07:34:37,36.06963819,24.86858564
10,None,01/16/2014 07:35:09,36.06963051,24.87017558
10,None,01/16/2014 07:35:40,36.0696047,24.87170512
10,None,01/16/2014 07:36:11,36.0694371,24.87326365
10,Jack's Magical Beans,01/16/2014 07:36:44,36.06901446,24.87470642
10,Jack's Magical Beans,01/16/2014 07:37:16,36.06837637,24.87567916
10,None,01/16/2014 07:43:05,36.05194955,24.87689213
10,Cup o'Joe,01/16/2014 07:43:37,36.05192881,24.87847078
10,Cup o'Joe,01/16/2014 07:44:09,36.05142677,24.87957257
10,GAStect,01/16/2014 12:04:01,36.04811023,24.87956533
10,Hippokampos,01/16/2014 13:24:47,36.07662932,24.85769671
10,GAStect,01/16/2014 18:12:01,36.04811097,24.87957441
10,None,01/16/2014 19:32:01,36.07673781,24.8658611
10,Hippokampos,01/16/2014 21:04:01,36.07668806,24.85770984
10,None,01/17/2014 07:03:02,36.0767498,24.86585835
10,Brewed Awakenings,01/17/2014 07:04:04,36.07426753,24.86508855
10,Brewed Awakenings,01/17/2014 07:04:36,36.07365332,24.86417361
10,Brewed Awakenings,01/17/2014 07:31:01,36.07328477,24.8641912
10,None,01/17/2014 07:32:03,36.07146213,24.86560983
10,None,01/17/2014 07:32:35,36.07080433,24.86659387
10,None,01/17/2014 07:33:07,36.07053757,24.86790861
10,None,01/17/2014 07:33:38,36.06964569,24.86864125
10,None,01/17/2014 07:34:09,36.06962827,24.87019168
10,None,01/17/2014 07:34:40,36.06960042,24.871743
10,None,01/17/2014 07:35:12,36.0694192,24.87333189
10,None,01/17/2014 07:35:44,36.06906121,24.87470555
10,Jack's Magical Beans,01/17/2014 07:36:18,36.06836085,24.87576766
10,None,01/17/2014 07:42:12,36.0519213,24.87724737
10,Cup o'Joe,01/17/2014 07:42:44,36.051946,24.87881723
10,Cup o'Joe,01/17/2014 07:43:16,36.05108868,24.87957512
10,GAStect,01/17/2014 12:12:01,36.04811792,24.87957088
10,Abila Zacharo,01/17/2014 13:17:02,36.06329921,24.85097029
10,GAStect,01/17/2014 18:11:01,36.04810845,24.87956625
10,None,01/17/2014 19:43:02,36.07667756,24.86584318
10,Hippokampos,01/17/2014 20:34:01,36.07663337,24.85768044
10,None,01/18/2014 12:23:01,36.07685059,24.86587924
10,Kalami Kafenion,01/18/2014 13:29:01,36.06581487,24.85228117
10,None,01/18/2014 18:20:01,36.07676499,24.86588103
10,Hippokampos,01/18/2014 19:47:03,36.07666858,24.85788487
10,None,01/19/2014 12:35:02,36.07667658,24.8658494
10,Desafio Golf Course,01/19/2014 16:02:02,36.08946293,24.86053036
10,None,01/19/2014 18:20:01,36.07683113,24.86589732
10,Hippokampos,01/19/2014 19:46:02,36.07668933,24.85776978
7,Brewed Awakenings,01/06/2014 07:47:02,36.0732484,24.86417877
7,None,01/06/2014 07:48:05,36.07142087,24.86571573
7,None,01/06/2014 07:48:36,36.07077608,24.86659542
7,None,01/06/2014 07:49:07,36.07053687,24.86790861
7,None,01/06/2014 07:49:39,36.06962458,24.86868801
7,None,01/06/2014 07:50:10,36.06965013,24.8702327
7,None,01/06/2014 07:50:42,36.06956788,24.87180489
7,None,01/06/2014 07:51:13,36.06940425,24.87335051
7,None,01/06/2014 07:51:44,36.06903228,24.87471795
7,Jack's Magical Beans,01/06/2014 07:52:17,36.06836854,24.87575916
7,Cup o'Joe,01/06/2014 07:58:37,36.05194716,24.87848614
7,Cup o'Joe,01/06/2014 07:59:08,36.05148811,24.87958551
7,GAStect,01/06/2014 11:46:02,36.04820051,24.87956835
7,None,01/07/2014 07:19:02,36.08433903,24.86423569
7,Brewed Awakenings,01/07/2014 07:46:01,36.07328876,24.86419696
7,None,01/07/2014 07:47:03,36.07144294,24.86561496
7,None,01/07/2014 07:47:34,36.07087787,24.8665958
7,None,01/07/2014 07:48:05,36.07053539,24.86780582
7,None,01/07/2014 07:48:36,36.06970324,24.86857452
7,None,01/07/2014 07:49:07,36.06964556,24.87008298
7,None,01/07/2014 07:49:38,36.06959276,24.87162854
7,None,01/07/2014 07:50:09,36.06940733,24.87318001
7,None,01/07/2014 07:50:40,36.06924353,24.87470763
7,Jack's Magical Beans,01/07/2014 07:51:11,36.06836464,24.87541778
7,Cup o'Joe,01/07/2014 07:57:34,36.05194571,24.87833536
7,Cup o'Joe,01/07/2014 07:58:05,36.05162844,24.87957215
7,GAStect,01/07/2014 12:09:01,36.0481164,24.87957011
7,GAStect,01/07/2014 17:41:01,36.04811572,24.87956585
7,None,01/07/2014 19:22:02,36.08428554,24.86423073
7,Hippokampos,01/07/2014 21:07:01,36.07664479,24.85770279
7,None,01/08/2014 07:20:02,36.08437224,24.86420181
7,Brewed Awakenings,01/08/2014 07:53:01,36.07327552,24.86418505
7,None,01/08/2014 07:54:03,36.07143151,24.86560266
7,None,01/08/2014 07:54:34,36.07085193,24.86657939
7,None,01/08/2014 07:55:07,36.07052641,24.86790262
7,None,01/08/2014 07:55:39,36.06965361,24.86868564
7,None,01/08/2014 07:56:10,36.06965218,24.87024388
7,None,01/08/2014 07:56:41,36.06960542,24.87176048
7,None,01/08/2014 07:57:12,36.06942866,24.87329543
7,Jack's Magical Beans,01/08/2014 07:57:45,36.06897884,24.87470689
7,Jack's Magical Beans,01/08/2014 07:58:17,36.06833838,24.87574874
7,None,01/08/2014 07:58:48,36.06739094,24.87634205
7,None,01/08/2014 07:59:51,36.06423384,24.87644747
7,None,01/08/2014 08:01:27,36.05944546,24.87617735
7,Cup o'Joe,01/08/2014 08:04:33,36.05192991,24.87828535
7,Cup o'Joe,01/08/2014 08:05:04,36.05167733,24.87957717
7,GAStect,01/08/2014 08:05:35,36.05014514,24.87957347
7,GAStect,01/08/2014 11:10:01,36.048117,24.87956621
7,Chostus Hotel,01/08/2014 13:01:01,36.07066167,24.89515963
7,GAStect,01/08/2014 13:40:01,36.04802665,24.87957528
7,GAStect,01/08/2014 17:22:01,36.04811222,24.87957111
7,None,01/08/2014 18:25:01,36.08433572,24.86420532
7,Hippokampos,01/08/2014 19:33:01,36.07664054,24.85765333
7,None,01/09/2014 07:44:01,36.08442265,24.8641785
7,Brewed Awakenings,01/09/2014 07:58:01,36.07327108,24.86417894
7,None,01/09/2014 07:59:05,36.07144227,24.86571523
7,None,01/09/2014 07:59:37,36.07070966,24.86657937
7,None,01/09/2014 08:00:08,36.07052351,24.86795355
7,None,01/09/2014 08:00:41,36.06962756,24.86879267
7,None,01/09/2014 08:01:12,36.06965016,24.87031669
7,None,01/09/2014 08:01:43,36.06956438,24.87188904
7,None,01/09/2014 08:02:14,36.06938652,24.87339474
7,Jack's Magical Beans,01/09/2014 08:02:46,36.06892765,24.8746998
7,None,01/09/2014 08:09:03,36.0519268,24.87679716
7,Cup o'Joe,01/09/2014 08:09:34,36.0519289,24.87834253
7,Cup o'Joe,01/09/2014 08:10:05,36.05164217,24.87957049
7,GAStect,01/09/2014 11:51:01,36.04811032,24.87957492
7,GAStect,01/09/2014 17:47:01,36.04810919,24.87957295
7,None,01/09/2014 18:48:01,36.08434711,24.8642031
7,Hippokampos,01/09/2014 20:10:01,36.0766802,24.85771898
7,None,01/10/2014 07:15:01,36.08448701,24.8642205
7,Brewed Awakenings,01/10/2014 07:40:01,36.07327279,24.86418408
7,None,01/10/2014 07:41:03,36.07145443,24.86560572
7,None,01/10/2014 07:41:34,36.07085715,24.86658428
7,None,01/10/2014 07:42:05,36.07053268,24.86780282
7,None,01/10/2014 07:42:36,36.06970487,24.86856755
7,None,01/10/2014 07:43:08,36.06962394,24.87012768
7,None,01/10/2014 07:43:39,36.06959939,24.87168411
7,None,01/10/2014 07:44:10,36.06941555,24.87322809
7,None,01/10/2014 07:44:41,36.0691666,24.87470092
7,Jack's Magical Beans,01/10/2014 07:45:12,36.06836762,24.875482
7,None,01/10/2014 07:45:46,36.06746869,24.8763399
7,Cup o'Joe,01/10/2014 07:51:32,36.051926,24.87823428
7,Cup o'Joe,01/10/2014 07:52:03,36.05173195,24.87958754
7,GAStect,01/10/2014 07:53:05,36.04864026,24.87957183
7,GAStect,01/10/2014 11:00:01,36.04811856,24.87957445
7,Chostus Hotel,01/10/2014 13:13:01,36.07060508,24.89518296
7,GAStect,01/10/2014 17:28:01,36.04803182,24.87957414
7,None,01/10/2014 19:12:01,36.08452338,24.86416574
7,None,01/10/2014 22:43:03,36.08544323,24.86070418
7,None,01/11/2014 12:31:01,36.08444248,24.86419061
7,Abila Zacharo,01/11/2014 13:38:01,36.06343146,24.85090126
7,None,01/11/2014 18:14:01,36.08440425,24.86419997
7,Katerina's Cafe,01/11/2014 19:45:01,36.05451779,24.89979241
7,None,01/12/2014 12:31:02,36.08445217,24.86402685
7,Kalami Kafenion,01/12/2014 13:57:02,36.06599497,24.85239847
7,None,01/12/2014 17:57:03,36.08420553,24.86425224
7,Hippokampos,01/12/2014 20:19:01,36.07667399,24.85767804
7,None,01/13/2014 07:26:01,36.08448182,24.86419702
7,Brewed Awakenings,01/13/2014 07:53:01,36.07327848,24.86417108
7,None,01/13/2014 07:53:32,36.07176615,24.86425824
7,None,01/13/2014 07:54:03,36.07145175,24.86559983
7,None,01/13/2014 07:54:34,36.07084987,24.86658415
7,None,01/13/2014 07:55:05,36.07054489,24.86780218
7,None,01/13/2014 07:55:36,36.06969585,24.86859489
7,None,01/13/2014 07:56:07,36.06964273,24.87007862
7,None,01/13/2014 07:56:40,36.06959971,24.87174098
7,None,01/13/2014 07:57:13,36.06938014,24.8733681
7,Jack's Magical Beans,01/13/2014 07:57:45,36.06896666,24.87471554
7,Jack's Magical Beans,01/13/2014 07:58:16,36.06836285,24.87568966
7,None,01/13/2014 07:58:48,36.06737658,24.87633614
7,None,01/13/2014 08:04:05,36.05192999,24.87690431
7,Cup o'Joe,01/13/2014 08:04:36,36.051929,24.87842588
7,Cup o'Joe,01/13/2014 08:05:07,36.05154738,24.87957885
7,GAStect,01/13/2014 11:57:01,36.04811109,24.87957392
7,GAStect,01/13/2014 17:17:02,36.04820628,24.8795745
7,None,01/14/2014 07:21:01,36.08442449,24.86424327
7,None,01/14/2014 07:23:41,36.07666381,24.86409395
7,Brewed Awakenings,01/14/2014 07:50:01,36.07329822,24.86419239
7,None,01/14/2014 07:51:05,36.07142698,24.8657285
7,None,01/14/2014 07:51:36,36.07076785,24.8665977
7,None,01/14/2014 07:52:07,36.07052021,24.86789973
7,None,01/14/2014 07:52:38,36.06965602,24.8686488
7,None,01/14/2014 07:53:10,36.06962509,24.87022778
7,None,01/14/2014 07:53:41,36.06959291,24.87176563
7,None,01/14/2014 07:54:12,36.06940908,24.87331571
7,None,01/14/2014 07:54:43,36.06908646,24.87472968
7,Jack's Magical Beans,01/14/2014 07:55:14,36.0683618,24.87557317
7,None,01/14/2014 07:55:46,36.06744635,24.87631365
7,None,01/14/2014 08:01:06,36.05194481,24.87695001
7,Cup o'Joe,01/14/2014 08:01:37,36.05193366,24.87846916
7,Cup o'Joe,01/14/2014 08:02:09,36.05143512,24.87958536
7,GAStect,01/14/2014 08:03:11,36.04833662,24.87957458
7,GAStect,01/14/2014 11:13:01,36.04811805,24.879568
7,GAStect,01/14/2014 17:32:01,36.04811766,24.87956787
7,None,01/14/2014 19:40:03,36.08423532,24.8641934
7,None,01/15/2014 07:10:01,36.0844628,24.8642161
7,Brewed Awakenings,01/15/2014 07:40:01,36.07328653,24.86418473
7,None,01/15/2014 07:41:03,36.07143158,24.8656012
7,None,01/15/2014 07:41:34,36.07085246,24.86656912
7,None,01/15/2014 07:42:05,36.07053877,24.86780971
7,None,01/15/2014 07:42:36,36.06967275,24.86859158
7,None,01/15/2014 07:43:07,36.06961882,24.87008874
7,None,01/15/2014 07:43:38,36.0695879,24.87161059
7,None,01/15/2014 07:44:09,36.06941275,24.87317498
7,None,01/15/2014 07:44:40,36.06922535,24.87471097
7,Jack's Magical Beans,01/15/2014 07:45:11,36.06835072,24.87543379
7,None,01/15/2014 07:45:43,36.0675851,24.87635446
7,Cup o'Joe,01/15/2014 07:51:31,36.05192664,24.87818412
7,Cup o'Joe,01/15/2014 07:52:02,36.05179897,24.87957334
7,GAStect,01/15/2014 12:16:01,36.04811969,24.87956668
7,Hippokampos,01/15/2014 13:44:01,36.07663227,24.85766107
7,GAStect,01/15/2014 17:35:01,36.04810971,24.87957603
7,None,01/15/2014 18:51:01,36.08434102,24.86421154
7,Frydos Autosupply n' More,01/15/2014 19:53:02,36.05506982,24.90162774
7,Brewed Awakenings,01/16/2014 07:44:01,36.0732738,24.86420434
7,None,01/16/2014 07:45:04,36.07143671,24.86565217
7,None,01/16/2014 07:45:35,36.07079858,24.86657214
7,None,01/16/2014 07:46:06,36.0705457,24.86783789
7,None,01/16/2014 07:46:37,36.06963408,24.8685712
7,None,01/16/2014 07:47:08,36.06964536,24.87013398
7,None,01/16/2014 07:47:39,36.06960232,24.87165572
7,None,01/16/2014 07:48:11,36.06940192,24.87327942
7,None,01/16/2014 07:48:42,36.06911465,24.87469653
7,Jack's Magical Beans,01/16/2014 07:49:13,36.06836836,24.87552482
7,None,01/16/2014 07:55:01,36.05195416,24.87668315
7,Cup o'Joe,01/16/2014 07:55:32,36.05193486,24.87824383
7,Cup o'Joe,01/16/2014 07:56:03,36.05172378,24.87959117
7,GAStect,01/16/2014 07:56:34,36.05017916,24.87958597
7,GAStect,01/16/2014 12:11:01,36.04811019,24.87957033
7,Hippokampos,01/16/2014 13:31:01,36.07666008,24.85771796
7,None,01/17/2014 07:08:01,36.08441926,24.86420768
7,Brewed Awakenings,01/17/2014 07:55:01,36.07332868,24.86419582
7,None,01/17/2014 07:56:04,36.07143004,24.86566468
7,None,01/17/2014 07:56:35,36.07079781,24.86656479
7,None,01/17/2014 07:57:06,36.0705267,24.86783541
7,None,01/17/2014 07:57:37,36.06964263,24.86856998
7,None,01/17/2014 07:58:08,36.0696297,24.87014545
7,None,01/17/2014 07:58:40,36.06960658,24.87173669
7,None,01/17/2014 07:59:15,36.06938319,24.87344935
7,Jack's Magical Beans,01/17/2014 07:59:47,36.06891483,24.87473887
7,Jack's Magical Beans,01/17/2014 08:00:18,36.06834609,24.87577528
7,None,01/17/2014 08:06:09,36.05193502,24.87710751
7,Cup o'Joe,01/17/2014 08:06:40,36.0519334,24.87862285
7,Cup o'Joe,01/17/2014 08:07:11,36.05134381,24.87957385
7,GAStect,01/17/2014 11:20:01,36.04811619,24.87956581
7,Chostus Hotel,01/17/2014 14:00:01,36.07067748,24.89517609
7,GAStect,01/17/2014 17:32:01,36.0481177,24.87957632
7,None,01/17/2014 19:25:01,36.0844067,24.86419758
7,None,01/18/2014 12:38:01,36.08443891,24.86413131
7,Abila Zacharo,01/18/2014 13:06:03,36.06321658,24.85097605
7,Roberts and Sons,01/18/2014 15:26:02,36.06311124,24.85228217
7,None,01/19/2014 18:26:02,36.08445449,24.86405426
11,None,01/06/2014 07:02:34,36.08425902,24.85737296
11,None,01/06/2014 07:03:45,36.0836481,24.85434889
11,Bean There Done That,01/06/2014 07:04:50,36.08271974,24.8520306
11,Bean There Done That,01/06/2014 07:50:06,36.08173293,24.85125155
11,None,01/06/2014 07:51:47,36.08043296,24.85490528
11,None,01/06/2014 07:53:21,36.07938416,24.85862631
11,None,01/06/2014 07:54:59,36.07802286,24.86224
11,None,01/06/2014 07:55:30,36.07791622,24.86374456
11,None,01/06/2014 07:56:01,36.076684,24.86452094
11,None,01/06/2014 07:56:32,36.07596847,24.86578887
11,None,01/06/2014 07:57:34,36.073339,24.86624341
11,None,01/06/2014 07:58:05,36.07242639,24.86689073
11,None,01/06/2014 07:58:36,36.07198061,24.86813316
11,None,01/06/2014 07:59:07,36.07050849,24.86826433
11,None,01/06/2014 07:59:38,36.06963296,24.86900572
11,None,01/06/2014 08:00:09,36.06963473,24.87053025
11,None,01/06/2014 08:00:40,36.06954725,24.87210633
11,None,01/06/2014 08:01:13,36.06934632,24.87374585
11,Jack's Magical Beans,01/06/2014 08:01:44,36.06867016,24.87477739
11,Jack's Magical Beans,01/06/2014 08:02:15,36.06833871,24.87600255
11,None,01/06/2014 08:08:06,36.05194658,24.87731423
11,Cup o'Joe,01/06/2014 08:08:37,36.051922,24.87883062
11,Cup o'Joe,01/06/2014 08:09:08,36.05113101,24.87959041
11,GAStect,01/06/2014 12:12:01,36.04811287,24.87956823
11,GAStect,01/06/2014 17:15:01,36.04811088,24.87956786
11,Hippokampos,01/06/2014 20:29:01,36.07678153,24.85761919
11,None,01/07/2014 07:36:01,36.08413931,24.85894303
11,None,01/07/2014 07:36:32,36.08431776,24.85743909
11,None,01/07/2014 07:37:09,36.08424957,24.85556453
11,None,01/07/2014 07:37:41,36.08372135,24.85461068
11,Bean There Done That,01/07/2014 07:38:43,36.08277832,24.85240977
11,Bean There Done That,01/07/2014 07:59:01,36.08174855,24.85092336
11,Bean There Done That,01/07/2014 07:59:35,36.08172309,24.85265906
11,None,01/07/2014 08:00:44,36.08055256,24.85489339
11,None,01/07/2014 08:01:48,36.07937161,24.85698378
11,None,01/07/2014 08:02:21,36.07936352,24.85858552
11,None,01/07/2014 08:03:23,36.07807883,24.86047509
11,None,01/07/2014 08:03:54,36.07802319,24.86204147
11,None,01/07/2014 08:04:29,36.07799965,24.86370078
11,None,01/07/2014 08:05:01,36.07667788,24.86451033
11,None,01/07/2014 08:05:33,36.07590475,24.8657991
11,None,01/07/2014 08:06:36,36.07333517,24.86633357
11,None,01/07/2014 08:07:07,36.07240462,24.86699117
11,None,01/07/2014 08:07:38,36.0719007,24.86812029
11,None,01/07/2014 08:08:42,36.06965333,24.86918486
11,None,01/07/2014 08:09:13,36.06963331,24.8707457
11,None,01/07/2014 08:09:44,36.06955136,24.87228934
11,None,01/07/2014 08:10:15,36.06937339,24.87379988
11,Jack's Magical Beans,01/07/2014 08:10:46,36.06859902,24.87477943
11,None,01/07/2014 08:11:17,36.06835083,24.87612035
11,None,01/07/2014 08:17:11,36.05193854,24.87755339
11,Cup o'Joe,01/07/2014 08:17:42,36.05194814,24.87908928
11,Cup o'Joe,01/07/2014 08:18:13,36.05088371,24.8795681
11,GAStect,01/07/2014 12:04:01,36.04811149,24.87957048
11,GAStect,01/07/2014 17:25:01,36.04811903,24.87957219
11,Hippokampos,01/07/2014 20:35:02,36.07685237,24.85758101
11,None,01/08/2014 07:35:01,36.08420583,24.85902531
11,None,01/08/2014 07:36:05,36.08428735,24.85580431
11,None,01/08/2014 07:36:36,36.08363537,24.85485958
11,Bean There Done That,01/08/2014 07:37:44,36.08279279,24.85236867
11,Bean There Done That,01/08/2014 07:49:01,36.0818223,24.85098614
11,Bean There Done That,01/08/2014 07:49:32,36.0818263,24.85254023
11,None,01/08/2014 07:50:35,36.08089765,24.854779
11,None,01/08/2014 07:51:08,36.07939472,24.85502451
11,None,01/08/2014 07:51:40,36.07935861,24.85654372
11,None,01/08/2014 07:52:12,36.07932224,24.85814276
11,None,01/08/2014 07:53:21,36.07804852,24.86037432
11,None,01/08/2014 07:53:52,36.07805215,24.86191479
11,None,01/08/2014 07:54:24,36.07804299,24.86352107
11,None,01/08/2014 07:54:55,36.07684619,24.86427896
11,None,01/08/2014 07:55:26,36.07618406,24.86568892
11,None,01/08/2014 07:55:57,36.07470948,24.8657304
11,None,01/08/2014 07:56:29,36.07333254,24.86598138
11,None,01/08/2014 07:57:00,36.07248571,24.8666897
11,None,01/08/2014 07:57:31,36.07223877,24.86809448
11,None,01/08/2014 07:58:35,36.0696429,24.8688325
11,None,01/08/2014 07:59:06,36.0696525,24.87037709
11,None,01/08/2014 07:59:37,36.06955578,24.87191713
11,None,01/08/2014 08:00:08,36.0693736,24.87345264
11,Jack's Magical Beans,01/08/2014 08:00:39,36.06891669,24.87473339
11,Jack's Magical Beans,01/08/2014 08:01:10,36.06832488,24.87574306
11,None,01/08/2014 08:07:01,36.05192224,24.87705139
11,Cup o'Joe,01/08/2014 08:07:32,36.05193676,24.87861017
11,Cup o'Joe,01/08/2014 08:08:03,36.05136797,24.87958185
11,GAStect,01/08/2014 12:26:02,36.04820646,24.87956964
11,Hippokampos,01/08/2014 13:33:01,36.07664613,24.85767811
11,GAStect,01/08/2014 17:11:01,36.04811002,24.87957646
11,Hippokampos,01/08/2014 20:16:02,36.07685798,24.85758548
11,None,01/09/2014 07:22:01,36.08419763,24.85900049
11,None,01/09/2014 07:22:32,36.08430847,24.85745345
11,None,01/09/2014 07:23:03,36.08423743,24.85592065
11,None,01/09/2014 07:24:11,36.08292436,24.85379513
11,Bean There Done That,01/09/2014 07:25:15,36.08249087,24.85101782
11,Bean There Done That,01/09/2014 08:08:01,36.08172549,24.85099263
11,Bean There Done That,01/09/2014 08:08:35,36.08176221,24.8526553
11,None,01/09/2014 08:09:39,36.08087418,24.85486761
11,None,01/09/2014 08:11:14,36.0793669,24.85823463
11,None,01/09/2014 08:12:16,36.07803819,24.86013146
11,None,01/09/2014 08:12:47,36.07806348,24.86166754
11,None,01/09/2014 08:13:19,36.07806403,24.86324138
11,None,01/09/2014 08:14:21,36.07627657,24.86543117
11,None,01/09/2014 08:15:55,36.07273889,24.86668548
11,None,01/09/2014 08:16:26,36.07233239,24.86791635
11,None,01/09/2014 08:16:57,36.07093902,24.86817056
11,None,01/09/2014 08:17:29,36.06967084,24.8685739
11,None,01/09/2014 08:18:00,36.06962008,24.87011194
11,None,01/09/2014 08:18:32,36.069604,24.87168467
11,None,01/09/2014 08:19:04,36.06941118,24.87329518
11,None,01/09/2014 08:19:35,36.06913343,24.8746916
11,Jack's Magical Beans,01/09/2014 08:20:07,36.06836742,24.87561489
11,Cup o'Joe,01/09/2014 08:26:24,36.05192994,24.87819583
11,Cup o'Joe,01/09/2014 08:26:57,36.05166201,24.87956868
11,GAStect,01/09/2014 12:10:01,36.04811058,24.87956615
11,Hippokampos,01/09/2014 13:40:02,36.07663134,24.85780645
11,GAStect,01/09/2014 17:26:01,36.04810834,24.87957609
11,None,01/09/2014 19:06:02,36.08400975,24.85896722
11,Frydos Autosupply n' More,01/09/2014 20:28:01,36.05504135,24.90174978
11,None,01/10/2014 07:06:32,36.08427161,24.85741132
11,None,01/10/2014 07:07:04,36.08429481,24.85581359
11,None,01/10/2014 07:07:35,36.08364971,24.854869
11,None,01/10/2014 07:08:07,36.08310009,24.85386384
11,Bean There Done That,01/10/2014 07:09:10,36.08271997,24.85099012
11,Bean There Done That,01/10/2014 07:51:02,36.08174161,24.85100016
11,Bean There Done That,01/10/2014 07:52:09,36.08083927,24.85343576
11,None,01/10/2014 07:52:41,36.08070326,24.85485896
11,None,01/10/2014 07:53:47,36.0793667,24.856888
11,None,01/10/2014 07:54:49,36.07837909,24.85911185
11,None,01/10/2014 07:55:51,36.07807853,24.86189615
11,None,01/10/2014 07:56:22,36.07807029,24.8633918
11,None,01/10/2014 07:57:24,36.07622146,24.8655943
11,None,01/10/2014 07:57:55,36.07480359,24.86574473
11,None,01/10/2014 07:58:27,36.07332269,24.86589101
11,None,01/10/2014 07:58:58,36.07256675,24.86669443
11,None,01/10/2014 07:59:29,36.07232741,24.86807122
11,None,01/10/2014 08:00:31,36.06964002,24.86866635
11,None,01/10/2014 08:01:02,36.06962374,24.87020989
11,None,01/10/2014 08:01:33,36.06961353,24.8717458
11,None,01/10/2014 08:02:04,36.06941166,24.87325688
11,None,01/10/2014 08:02:36,36.06907284,24.87471843
11,Jack's Magical Beans,01/10/2014 08:03:08,36.06833993,24.87563754
11,None,01/10/2014 08:08:58,36.05194803,24.87691636
11,Cup o'Joe,01/10/2014 08:09:29,36.05195256,24.87844231
11,Cup o'Joe,01/10/2014 08:10:01,36.0514599,24.87958691
11,GAStect,01/10/2014 08:11:03,36.04837675,24.87957731
11,GAStect,01/10/2014 12:17:02,36.04820713,24.87956855
11,Katerina's Cafe,01/11/2014 13:52:01,36.05450624,24.89982327
11,None,01/12/2014 18:33:02,36.08401849,24.8590539
11,Hippokampos,01/12/2014 19:23:01,36.07676832,24.85757912
11,None,01/13/2014 07:42:01,36.08415175,24.85902058
11,None,01/13/2014 07:42:33,36.0842843,24.8573744
11,None,01/13/2014 07:44:10,36.082944,24.85383044
11,Bean There Done That,01/13/2014 07:45:18,36.0823533,24.85096053
11,Bean There Done That,01/13/2014 08:07:01,36.08176775,24.85096951
11,Bean There Done That,01/13/2014 08:07:34,36.08179963,24.85264366
11,None,01/13/2014 08:08:38,36.08086564,24.8548697
11,None,01/13/2014 08:09:41,36.0793978,24.85656837
11,None,01/13/2014 08:10:12,36.07935503,24.8581743
11,None,01/13/2014 08:10:44,36.07863863,24.85911413
11,None,01/13/2014 08:11:16,36.07805255,24.86013819
11,None,01/13/2014 08:11:49,36.07807761,24.86178373
11,None,01/13/2014 08:12:21,36.07805348,24.86334799
11,None,01/13/2014 08:12:53,36.07691776,24.86422609
11,None,01/13/2014 08:13:25,36.07619704,24.86563392
11,None,01/13/2014 08:13:57,36.07472043,24.86574399
11,None,01/13/2014 08:14:59,36.07251839,24.86667701
11,None,01/13/2014 08:15:30,36.07228478,24.86807602
11,None,01/13/2014 08:16:02,36.070712,24.86817466
11,None,01/13/2014 08:16:33,36.06963013,24.86873284
11,None,01/13/2014 08:17:05,36.06962097,24.87034024
11,None,01/13/2014 08:17:36,36.06958577,24.87190356
11,None,01/13/2014 08:18:08,36.06938801,24.87346224
11,Jack's Magical Beans,01/13/2014 08:18:39,36.06893665,24.87470939
11,Jack's Magical Beans,01/13/2014 08:19:10,36.06837034,24.87573267
11,None,01/13/2014 08:24:57,36.05193577,24.87684689
11,Cup o'Joe,01/13/2014 08:25:28,36.0519272,24.87839403
11,Cup o'Joe,01/13/2014 08:25:59,36.05158531,24.87957943
11,GAStect,01/13/2014 12:18:02,36.04820573,24.87957306
11,Abila Zacharo,01/13/2014 13:35:01,36.06333297,24.85098656
11,GAStect,01/13/2014 17:31:02,36.0482021,24.87957087
11,None,01/14/2014 07:19:38,36.08369365,24.85477061
11,None,01/14/2014 07:20:10,36.08302645,24.85380811
11,Bean There Done That,01/14/2014 07:20:44,36.08282284,24.85230607
11,Bean There Done That,01/14/2014 07:21:17,36.08240718,24.85102834
11,Bean There Done That,01/14/2014 07:49:01,36.08174035,24.85097855
11,None,01/14/2014 07:51:44,36.07936979,24.85673312
11,None,01/14/2014 07:52:15,36.079379,24.85829177
11,None,01/14/2014 07:53:22,36.0780737,24.8604012
11,None,01/14/2014 07:54:26,36.07804244,24.86361017
11,None,01/14/2014 07:54:57,36.07675476,24.86434521
11,None,01/14/2014 07:55:29,36.07610133,24.86577505
11,None,01/14/2014 07:56:01,36.07452021,24.86570758
11,None,01/14/2014 07:56:32,36.0733383,24.86612607
11,None,01/14/2014 07:57:05,36.07242048,24.86686958
11,None,01/14/2014 07:57:38,36.07188203,24.86814352
11,None,01/14/2014 07:58:09,36.07049335,24.86836494
11,None,01/14/2014 07:58:41,36.06963164,24.86916195
11,None,01/14/2014 07:59:13,36.06962232,24.8707259
11,None,01/14/2014 07:59:45,36.06954327,24.87232842
11,None,01/14/2014 08:00:16,36.06934768,24.87387198
11,Jack's Magical Beans,01/14/2014 08:00:47,36.06855256,24.87479622
11,None,01/14/2014 08:01:18,36.06836994,24.87613092
11,None,01/14/2014 08:07:05,36.05192913,24.8772525
11,Cup o'Joe,01/14/2014 08:07:36,36.05192484,24.87878862
11,Cup o'Joe,01/14/2014 08:08:07,36.05116954,24.87959016
11,GAStect,01/14/2014 12:15:01,36.04811534,24.87956781
11,Kalami Kafenion,01/14/2014 13:52:01,36.06583694,24.85246129
11,None,01/15/2014 07:51:02,36.08413999,24.85891332
11,None,01/15/2014 07:51:34,36.08427942,24.85727686
11,None,01/15/2014 07:52:08,36.0842201,24.85557916
11,Bean There Done That,01/15/2014 08:12:01,36.08181971,24.85095186
11,Bean There Done That,01/15/2014 08:12:37,36.08177801,24.85280189
11,None,01/15/2014 08:13:11,36.08084442,24.85360681
11,None,01/15/2014 08:13:45,36.08053773,24.85485667
11,None,01/15/2014 08:14:50,36.07934122,24.85705859
11,None,01/15/2014 08:15:22,36.07935854,24.85866656
11,None,01/15/2014 08:16:27,36.07803064,24.86068016
11,None,01/15/2014 08:17:01,36.07804726,24.86235179
11,None,01/15/2014 08:17:33,36.07781078,24.86381038
11,None,01/15/2014 08:18:04,36.07662427,24.86466369
11,None,01/15/2014 08:18:35,36.07581819,24.86576523
11,None,01/15/2014 08:19:38,36.07333091,24.86643789
11,None,01/15/2014 08:20:10,36.07238848,24.86712757
11,None,01/15/2014 08:20:41,36.07174675,24.86814294
11,None,01/15/2014 08:21:12,36.07044461,24.86850144
11,None,01/15/2014 08:21:43,36.069635,24.86923826
11,None,01/15/2014 08:22:14,36.06965135,24.87080081
11,None,01/15/2014 08:22:45,36.06952211,24.87231463
11,None,01/15/2014 08:23:17,36.06935587,24.87391159
11,Jack's Magical Beans,01/15/2014 08:23:48,36.06848111,24.87476689
11,None,01/15/2014 08:24:20,36.06836844,24.87624954
11,None,01/15/2014 08:30:09,36.05192857,24.87744732
11,Cup o'Joe,01/15/2014 08:30:40,36.0519497,24.87899578
11,Cup o'Joe,01/15/2014 08:31:11,36.05096356,24.87957371
11,GAStect,01/15/2014 11:57:01,36.04812011,24.87957118
11,None,01/15/2014 18:09:01,36.08412355,24.85901712
11,Hippokampos,01/15/2014 20:32:01,36.07677686,24.85758529
11,None,01/16/2014 07:40:02,36.08420642,24.85888253
11,None,01/16/2014 07:40:34,36.08428649,24.8572907
11,None,01/16/2014 07:41:07,36.08426478,24.85566229
11,None,01/16/2014 07:41:40,36.08371569,24.85460951
11,None,01/16/2014 07:42:11,36.08297655,24.85384603
11,Bean There Done That,01/16/2014 07:43:15,36.08247158,24.85098107
11,Bean There Done That,01/16/2014 08:11:02,36.08181516,24.85098414
11,Bean There Done That,01/16/2014 08:11:35,36.08175778,24.85264207
11,None,01/16/2014 08:12:38,36.08090697,24.85491299
11,None,01/16/2014 08:13:43,36.07933273,24.85670709
11,None,01/16/2014 08:14:16,36.07932587,24.85835153
11,None,01/16/2014 08:15:23,36.07803805,24.86047231
11,None,01/16/2014 08:15:56,36.0780435,24.8620927
11,None,01/16/2014 08:16:29,36.0780099,24.86371993
11,None,01/16/2014 08:17:31,36.07602159,24.86577283
11,None,01/16/2014 08:18:36,36.07334305,24.86632901
11,None,01/16/2014 08:19:07,36.07240643,24.8669674
11,None,01/16/2014 08:19:39,36.07183373,24.86813851
11,None,01/16/2014 08:20:10,36.0704677,24.86841997
11,None,01/16/2014 08:20:41,36.06962343,24.86916309
11,None,01/16/2014 08:21:13,36.0696239,24.87075432
11,None,01/16/2014 08:21:45,36.0695054,24.87233297
11,None,01/16/2014 08:22:17,36.06933126,24.87394026
11,Jack's Magical Beans,01/16/2014 08:22:48,36.06847896,24.87478877
11,None,01/16/2014 08:23:19,36.06832246,24.87623269
11,None,01/16/2014 08:29:07,36.05193582,24.87736804
11,Cup o'Joe,01/16/2014 08:29:38,36.05192395,24.87890514
11,Cup o'Joe,01/16/2014 08:30:09,36.05108556,24.8795888
11,GAStect,01/16/2014 08:31:11,36.04802786,24.8795692
11,GAStect,01/16/2014 11:58:01,36.04811518,24.87956615
11,Hippokampos,01/16/2014 13:51:02,36.0766551,24.8577594
11,GAStect,01/16/2014 17:19:01,36.04811117,24.87957552
11,Hippokampos,01/16/2014 20:23:01,36.07676364,24.85758227
11,None,01/17/2014 07:40:02,36.08416086,24.85889474
11,None,01/17/2014 07:40:33,36.08426025,24.85737516
11,None,01/17/2014 07:41:36,36.08370287,24.85483086
11,None,01/17/2014 07:42:08,36.08310715,24.85384977
11,Bean There Done That,01/17/2014 07:58:03,36.08174854,24.85111766
11,Bean There Done That,01/17/2014 07:59:08,36.08087784,24.85341664
11,None,01/17/2014 07:59:46,36.08051666,24.85486974
11,None,01/17/2014 08:01:22,36.07936755,24.85865233
11,None,01/17/2014 08:02:28,36.07807167,24.86070857
11,None,01/17/2014 08:02:59,36.07805367,24.86225455
11,None,01/17/2014 08:03:30,36.07796346,24.86370875
11,None,01/17/2014 08:04:32,36.07596637,24.86576817
11,None,01/17/2014 08:05:35,36.07333903,24.86627666
11,None,01/17/2014 08:06:06,36.07242424,24.86692719
11,None,01/17/2014 08:06:37,36.07195298,24.86812924
11,None,01/17/2014 08:07:08,36.07051753,24.86829448
11,None,01/17/2014 08:07:39,36.06964704,24.86906042
11,None,01/17/2014 08:08:10,36.06962959,24.8706092
11,None,01/17/2014 08:08:41,36.06952659,24.87213903
11,None,01/17/2014 08:09:12,36.06936048,24.87368596
11,Jack's Magical Beans,01/17/2014 08:09:43,36.06874024,24.87473344
11,Jack's Magical Beans,01/17/2014 08:10:15,36.06832425,24.87603518
11,None,01/17/2014 08:16:04,36.05194449,24.87720908
11,Cup o'Joe,01/17/2014 08:16:35,36.05194869,24.8787458
11,Cup o'Joe,01/17/2014 08:17:06,36.05123586,24.87957002
11,GAStect,01/17/2014 11:58:01,36.0481161,24.87956952
11,Katerina's Cafe,01/17/2014 13:53:03,36.05421935,24.89979046
11,GAStect,01/17/2014 17:22:01,36.0481138,24.87957149
11,None,01/18/2014 12:44:01,36.08412423,24.8590486
11,Kalami Kafenion,01/18/2014 14:01:01,36.06590959,24.85238629
11,None,01/18/2014 18:34:01,36.0841236,24.85903535
11,Hippokampos,01/18/2014 19:23:03,36.07689444,24.85761649
11,None,01/19/2014 18:20:01,36.08404208,24.85902758
11,Hippokampos,01/19/2014 19:46:01,36.07677402,24.8575823
32,None,01/06/2014 07:02:32,36.07243502,24.87338847
32,None,01/06/2014 07:03:03,36.07244652,24.87184785
32,None,01/06/2014 07:03:34,36.07127434,24.87140954
32,Jack's Magical Beans,01/06/2014 07:05:09,36.06759262,24.8727029
32,Jack's Magical Beans,01/06/2014 07:45:01,36.06749203,24.87338557
32,Jack's Magical Beans,01/06/2014 07:45:32,36.06732717,24.87492089
32,None,01/06/2014 07:46:04,36.06720573,24.87637933
32,None,01/06/2014 07:50:53,36.05282982,24.87649448
32,None,01/06/2014 07:51:24,36.05193298,24.87722029
32,Cup o'Joe,01/06/2014 07:51:56,36.05193416,24.87881468
32,Cup o'Joe,01/06/2014 07:52:27,36.05114038,24.8795704
32,GAStect,01/06/2014 12:12:01,36.04811853,24.87957231
32,None,01/06/2014 20:01:01,36.07214373,24.87459141
32,Hippokampos,01/06/2014 21:15:01,36.07666166,24.85758353
32,None,01/07/2014 07:15:01,36.07211902,24.87461987
32,None,01/07/2014 07:15:32,36.07242179,24.8733906
32,None,01/07/2014 07:16:04,36.07242555,24.87181272
32,None,01/07/2014 07:16:35,36.07123431,24.87140643
32,Jack's Magical Beans,01/07/2014 07:18:08,36.06759455,24.87261076
32,Jack's Magical Beans,01/07/2014 07:46:01,36.06751881,24.87337047
32,Jack's Magical Beans,01/07/2014 07:46:33,36.06736455,24.87498912
32,None,01/07/2014 07:47:05,36.06710015,24.8763725
32,None,01/07/2014 07:52:31,36.051927,24.87758115
32,Cup o'Joe,01/07/2014 07:53:03,36.05193109,24.87916911
32,Cup o'Joe,01/07/2014 07:53:34,36.05079793,24.87958587
32,GAStect,01/07/2014 12:03:01,36.04811855,24.87956886
32,GAStect,01/07/2014 17:56:01,36.04811007,24.87957618
32,Hippokampos,01/07/2014 20:55:02,36.07665696,24.85775375
32,None,01/08/2014 07:19:01,36.07213291,24.87462182
32,None,01/08/2014 07:19:32,36.07244067,24.8733913
32,None,01/08/2014 07:20:03,36.07243258,24.87186966
32,None,01/08/2014 07:20:34,36.07125492,24.87142189
32,Jack's Magical Beans,01/08/2014 07:22:09,36.06760134,24.87265101
32,Jack's Magical Beans,01/08/2014 07:34:03,36.06748911,24.87348508
32,Jack's Magical Beans,01/08/2014 07:34:34,36.06732232,24.87500196
32,None,01/08/2014 07:35:05,36.06714874,24.87632985
32,None,01/08/2014 07:40:22,36.05194761,24.87711653
32,Cup o'Joe,01/08/2014 07:40:54,36.05195117,24.87871877
32,Cup o'Joe,01/08/2014 07:41:25,36.0512642,24.87958676
32,GAStect,01/08/2014 11:56:01,36.04810819,24.87957527
32,Ouzeri Elian,01/08/2014 13:29:01,36.05197073,24.87088598
32,None,01/09/2014 07:09:33,36.07243499,24.87336566
32,None,01/09/2014 07:10:04,36.07243464,24.87179841
32,None,01/09/2014 07:10:35,36.07120785,24.87143043
32,Jack's Magical Beans,01/09/2014 07:12:09,36.06757786,24.87270002
32,Jack's Magical Beans,01/09/2014 07:51:01,36.06754497,24.87338996
32,Jack's Magical Beans,01/09/2014 07:51:32,36.0673494,24.87493825
32,None,01/09/2014 07:52:06,36.06709946,24.87635108
32,None,01/09/2014 07:56:58,36.05259382,24.87651195
32,None,01/09/2014 07:57:30,36.05194558,24.87753178
32,Cup o'Joe,01/09/2014 07:58:01,36.05194412,24.87908549
32,Cup o'Joe,01/09/2014 07:58:33,36.05084536,24.87957596
32,GAStect,01/09/2014 11:59:01,36.04811436,24.87956842
32,Katerina's Cafe,01/09/2014 13:30:03,36.05428329,24.89971253
32,GAStect,01/09/2014 18:09:01,36.04811144,24.87957098
32,None,01/09/2014 19:40:01,36.07222811,24.87460786
32,Hippokampos,01/09/2014 21:22:01,36.07665712,24.85768268
32,None,01/10/2014 07:03:01,36.07216831,24.87463015
32,None,01/10/2014 07:03:32,36.07242059,24.87338576
32,None,01/10/2014 07:04:03,36.07244744,24.87184703
32,None,01/10/2014 07:04:34,36.07125982,24.87140305
32,None,01/10/2014 07:05:05,36.06973084,24.87139122
32,Jack's Magical Beans,01/10/2014 07:06:08,36.0676287,24.87265052
32,Jack's Magical Beans,01/10/2014 07:41:01,36.06752148,24.87337617
32,Jack's Magical Beans,01/10/2014 07:41:32,36.06733184,24.87489656
32,None,01/10/2014 07:42:03,36.06723293,24.87634314
32,None,01/10/2014 07:47:19,36.05193021,24.8769808
32,Cup o'Joe,01/10/2014 07:47:50,36.05192506,24.87851201
32,Cup o'Joe,01/10/2014 07:48:22,36.05140034,24.87957811
32,GAStect,01/10/2014 12:10:01,36.0481084,24.87957332
32,None,01/10/2014 19:26:02,36.07232358,24.87466549
32,Hippokampos,01/10/2014 21:26:02,36.07668007,24.85780842
32,None,01/11/2014 12:27:01,36.07222372,24.87464231
32,Katerina's Cafe,01/11/2014 13:24:03,36.0545568,24.89964101
32,Kronos Mart,01/11/2014 15:49:01,36.06582234,24.84979182
32,None,01/11/2014 18:05:01,36.07211663,24.87460604
32,Albert's Fine Clothing,01/11/2014 19:31:01,36.0752917,24.85635622
32,None,01/12/2014 12:26:01,36.07220007,24.87460768
32,None,01/12/2014 18:05:01,36.07213723,24.87458597
32,Hippokampos,01/12/2014 19:54:01,36.07667025,24.85763601
32,None,01/13/2014 06:52:02,36.07229871,24.87464037
32,Jack's Magical Beans,01/13/2014 07:31:01,36.06755092,24.87331212
32,Jack's Magical Beans,01/13/2014 07:31:34,36.06734544,24.87503013
32,None,01/13/2014 07:32:05,36.06714538,24.87632553
32,None,01/13/2014 07:37:26,36.05192288,24.87731703
32,Cup o'Joe,01/13/2014 07:37:57,36.05192377,24.8788659
32,Cup o'Joe,01/13/2014 07:38:28,36.05108829,24.87957752
32,GAStect,01/13/2014 07:38:59,36.04954712,24.87957731
32,GAStect,01/13/2014 11:58:01,36.04811354,24.87956959
32,Gelatogalore,01/13/2014 13:07:01,36.05967941,24.8579981
32,GAStect,01/13/2014 17:59:01,36.0480269,24.87957159
32,Hippokampos,01/13/2014 21:32:01,36.07669672,24.85766048
32,None,01/14/2014 07:12:01,36.07215088,24.87458568
32,None,01/14/2014 07:12:32,36.07243855,24.87341169
32,None,01/14/2014 07:13:03,36.07244103,24.87185193
32,None,01/14/2014 07:13:34,36.07127358,24.87142325
32,Jack's Magical Beans,01/14/2014 07:15:07,36.06759255,24.87255527
32,Jack's Magical Beans,01/14/2014 07:50:02,36.06750877,24.87345423
32,Jack's Magical Beans,01/14/2014 07:50:33,36.06733847,24.87496498
32,None,01/14/2014 07:51:04,36.06716631,24.87637645
32,None,01/14/2014 07:55:57,36.05262291,24.87650997
32,None,01/14/2014 07:56:28,36.05193793,24.87743481
32,Cup o'Joe,01/14/2014 07:56:59,36.0519397,24.87897966
32,Cup o'Joe,01/14/2014 07:57:31,36.05093618,24.87957599
32,GAStect,01/14/2014 07:58:02,36.04940333,24.87958285
32,GAStect,01/14/2014 11:55:01,36.04811291,24.87956707
32,Katerina's Cafe,01/14/2014 13:21:01,36.05446138,24.8999077
32,GAStect,01/14/2014 17:47:01,36.04811888,24.87957664
32,None,01/15/2014 07:10:02,36.07224489,24.87464905
32,None,01/15/2014 07:10:33,36.07243902,24.87337416
32,None,01/15/2014 07:11:04,36.07242267,24.87179631
32,None,01/15/2014 07:11:36,36.07117048,24.87140134
32,Jack's Magical Beans,01/15/2014 07:13:11,36.06759954,24.87278178
32,Jack's Magical Beans,01/15/2014 07:47:04,36.06748071,24.87354063
32,Jack's Magical Beans,01/15/2014 07:47:35,36.06733304,24.87508486
32,None,01/15/2014 07:48:06,36.0670959,24.87636673
32,None,01/15/2014 07:53:25,36.05192742,24.87726686
32,Cup o'Joe,01/15/2014 07:53:57,36.05192899,24.87888178
32,Cup o'Joe,01/15/2014 07:54:28,36.05109941,24.87958652
32,GAStect,01/15/2014 12:02:01,36.04803226,24.87956995
32,Kalami Kafenion,01/15/2014 13:09:01,36.06582669,24.85245908
32,GAStect,01/15/2014 17:48:01,36.04810834,24.87956645
32,Hippokampos,01/15/2014 21:50:01,36.07667183,24.8577085
32,None,01/16/2014 07:17:01,36.07212857,24.87460274
32,None,01/16/2014 07:17:32,36.07245871,24.87342342
32,None,01/16/2014 07:18:03,36.07244033,24.87186207
32,None,01/16/2014 07:18:34,36.07126752,24.87140536
32,Jack's Magical Beans,01/16/2014 07:20:07,36.06760106,24.87259062
32,Jack's Magical Beans,01/16/2014 07:42:01,36.06753537,24.87338468
32,Jack's Magical Beans,01/16/2014 07:42:32,36.06733698,24.87490234
32,None,01/16/2014 07:43:04,36.06718993,24.87634104
32,None,01/16/2014 07:48:17,36.05194717,24.87686578
32,Cup o'Joe,01/16/2014 07:48:48,36.05195022,24.87843236
32,Cup o'Joe,01/16/2014 07:49:19,36.05153639,24.87958271
32,GAStect,01/16/2014 12:18:01,36.04811718,24.8795769
32,Hippokampos,01/16/2014 13:28:01,36.07666723,24.8577185
32,None,01/17/2014 07:32:01,36.07218442,24.87460283
32,None,01/17/2014 07:32:36,36.07244588,24.87321259
32,None,01/17/2014 07:33:07,36.07242522,24.87166597
32,None,01/17/2014 07:34:40,36.06945377,24.87304799
32,None,01/17/2014 07:35:11,36.06923513,24.87460224
32,Jack's Magical Beans,01/17/2014 07:35:44,36.06837291,24.87544821
32,None,01/17/2014 07:36:15,36.06768621,24.87633876
32,Cup o'Joe,01/17/2014 07:42:07,36.05193611,24.87831398
32,Cup o'Joe,01/17/2014 07:42:38,36.05165502,24.87959238
32,GAStect,01/17/2014 12:10:01,36.04810871,24.87957157
32,GAStect,01/17/2014 17:53:01,36.04811983,24.87956915
32,Abila Zacharo,01/18/2014 13:06:04,36.06314162,24.85101064
32,Shoppers' Delight,01/18/2014 15:42:01,36.05296498,24.86859249
32,None,01/18/2014 18:07:01,36.07221366,24.87462369
32,Albert's Fine Clothing,01/18/2014 19:04:04,36.07524718,24.85668469
32,None,01/19/2014 12:31:01,36.07214305,24.87459858
32,Desafio Golf Course,01/19/2014 18:31:01,36.08954822,24.8607398
34,None,01/06/2014 07:02:34,36.06641329,24.90355699
34,Brew've Been Served,01/06/2014 07:35:06,36.05382025,24.90109465
34,GAStect,01/06/2014 07:39:50,36.04906262,24.87956931
34,GAStect,01/06/2014 12:14:01,36.04811716,24.87956859
34,Hippokampos,01/06/2014 13:24:01,36.07662135,24.85769629
34,None,01/07/2014 07:02:45,36.06082486,24.90430961
34,Brew've Been Served,01/07/2014 07:42:01,36.05407099,24.90116538
34,GAStect,01/07/2014 07:46:47,36.04922718,24.87958143
34,GAStect,01/07/2014 12:07:01,36.04811534,24.87957224
34,Kalami Kafenion,01/07/2014 13:36:01,36.06582043,24.8524755
34,GAStect,01/07/2014 17:27:01,36.0481176,24.87957628
34,None,01/07/2014 18:54:02,36.06756833,24.90267767
34,Guy's Gyros,01/07/2014 20:12:01,36.05577046,24.90256776
34,None,01/08/2014 07:49:01,36.06764296,24.90254988
34,None,01/08/2014 07:51:43,36.06092134,24.90433412
34,None,01/08/2014 07:52:50,36.05882398,24.90456797
34,Brew've Been Served,01/08/2014 08:02:02,36.05398279,24.90118347
34,GAStect,01/08/2014 08:06:45,36.04922812,24.87966264
34,GAStect,01/08/2014 12:08:01,36.04811208,24.87957531
34,GAStect,01/08/2014 17:32:01,36.04811028,24.87956756
34,None,01/09/2014 07:12:03,36.06759074,24.90263787
34,None,01/09/2014 07:12:34,36.066504,24.90351208
34,None,01/09/2014 07:14:41,36.06101408,24.90448321
34,None,01/09/2014 07:15:47,36.05892738,24.90464536
34,Brew've Been Served,01/09/2014 07:50:02,36.05402583,24.90120249
34,GAStect,01/09/2014 07:54:50,36.04906083,24.87957944
34,GAStect,01/09/2014 11:57:01,36.04811008,24.87956529
34,Gelatogalore,01/09/2014 13:22:02,36.0595572,24.85796848
34,None,01/09/2014 18:44:01,36.06769812,24.90259668
34,None,01/10/2014 07:21:03,36.06764026,24.90259816
34,None,01/10/2014 07:24:35,36.05946477,24.90497509
34,Brew've Been Served,01/10/2014 08:02:01,36.05406915,24.90122478
34,GAStect,01/10/2014 08:06:47,36.04922158,24.87957093
34,GAStect,01/10/2014 12:04:01,36.04811566,24.87956696
34,Hippokampos,01/10/2014 13:24:01,36.07662557,24.85765678
34,Octavio's Office Supplies,01/10/2014 14:44:02,36.05856283,24.85817094
34,GAStect,01/10/2014 17:27:01,36.04802814,24.87957671
34,None,01/10/2014 18:47:02,36.06757774,24.90261062
34,Guy's Gyros,01/10/2014 20:00:01,36.05583487,24.90255786
34,None,01/11/2014 14:10:01,36.067672,24.90253928
34,None,01/13/2014 07:08:21,36.05971511,24.90440086
34,Brew've Been Served,01/13/2014 07:52:02,36.05401403,24.90120327
34,GAStect,01/13/2014 07:56:44,36.04921321,24.87970767
34,GAStect,01/13/2014 11:55:01,36.04811772,24.87957501
34,None,01/13/2014 19:10:05,36.06747632,24.90283786
34,Guy's Gyros,01/13/2014 20:13:01,36.05587202,24.90255621
34,None,01/14/2014 07:07:01,36.06767061,24.90249093
34,Brew've Been Served,01/14/2014 07:35:02,36.05401974,24.90117678
34,GAStect,01/14/2014 07:39:45,36.04923057,24.87966944
34,GAStect,01/14/2014 11:52:01,36.04811971,24.87956987
34,Katerina's Cafe,01/14/2014 13:36:05,36.05407234,24.8996242
34,GAStect,01/14/2014 17:11:01,36.04811978,24.87957418
34,None,01/14/2014 18:42:01,36.06763254,24.9025465
34,Guy's Gyros,01/14/2014 20:05:02,36.05595763,24.90261817
34,None,01/15/2014 07:30:01,36.06763743,24.90253867
34,Brew've Been Served,01/15/2014 08:02:01,36.0540559,24.90125211
34,GAStect,01/15/2014 08:06:54,36.04887024,24.87956931
34,GAStect,01/15/2014 12:18:01,36.04811427,24.87957493
34,None,01/15/2014 19:25:01,36.0676889,24.90259373
34,General Grocer,01/15/2014 21:10:01,36.06043201,24.85663519
34,None,01/16/2014 07:41:01,36.06771326,24.90249381
34,None,01/16/2014 07:44:17,36.05981566,24.90421594
34,Brew've Been Served,01/16/2014 07:56:02,36.05401071,24.90114004
34,GAStect,01/16/2014 08:00:49,36.0491141,24.8795793
34,GAStect,01/16/2014 12:04:02,36.0481975,24.87957207
34,Abila Zacharo,01/16/2014 13:40:03,36.06318094,24.85096881
34,GAStect,01/16/2014 17:19:01,36.04811851,24.87957656
34,None,01/16/2014 18:18:01,36.06769559,24.90261017
34,Guy's Gyros,01/16/2014 19:49:01,36.0559107,24.90256608
34,None,01/17/2014 07:44:02,36.06759311,24.90256456
34,None,01/17/2014 07:47:22,36.05972288,24.90443904
34,Brew've Been Served,01/17/2014 08:02:02,36.05405978,24.90120137
34,GAStect,01/17/2014 08:06:51,36.04901634,24.87958096
34,GAStect,01/17/2014 12:04:02,36.04820743,24.87957309
34,None,01/17/2014 18:00:03,36.06756482,24.90273211
34,Guy's Gyros,01/17/2014 19:57:01,36.05588207,24.90252525
34,None,01/18/2014 13:11:01,36.06760512,24.90254003
34,kronos capitol,01/18/2014 18:21:01,36.0529239,24.84949154
34,Katerina's Cafe,01/19/2014 13:26:02,36.05466458,24.90004045
17,None,01/06/2014 07:05:19,36.05869532,24.90051389
17,None,01/06/2014 07:06:26,36.05690372,24.90148286
17,Katerina's Cafe,01/06/2014 07:07:30,36.05439123,24.90021243
17,Brew've Been Served,01/06/2014 07:50:01,36.05402982,24.90123665
17,GAStect,01/06/2014 07:54:50,36.04906705,24.87957523
17,GAStect,01/06/2014 12:23:01,36.04811231,24.87957161
17,GAStect,01/06/2014 17:15:01,36.04802458,24.87956561
17,None,01/06/2014 18:20:01,36.06236098,24.89880685
17,Guy's Gyros,01/06/2014 19:24:02,36.05589212,24.90260878
17,None,01/07/2014 06:56:01,36.0624639,24.89886396
17,Brew've Been Served,01/07/2014 07:38:01,36.05406671,24.90124431
17,GAStect,01/07/2014 07:42:45,36.04922505,24.87965538
17,GAStect,01/07/2014 12:32:01,36.04811068,24.87956798
17,Kalami Kafenion,01/07/2014 13:28:01,36.06581669,24.85247378
17,None,01/07/2014 18:50:02,36.06238224,24.89870288
17,Guy's Gyros,01/07/2014 20:12:03,36.05599288,24.90263765
17,None,01/08/2014 07:42:43,36.05823956,24.9017049
17,None,01/08/2014 07:43:17,36.05728591,24.90178309
17,Brew've Been Served,01/08/2014 07:44:53,36.054109,24.9011794
17,Brew've Been Served,01/08/2014 08:02:02,36.05404696,24.90120804
17,GAStect,01/08/2014 08:06:48,36.04917703,24.87958237
17,GAStect,01/08/2014 12:14:01,36.04811614,24.87957568
17,GAStect,01/08/2014 17:32:01,36.04810995,24.87957629
17,Guy's Gyros,01/08/2014 20:11:01,36.05587627,24.90252108
17,None,01/09/2014 07:29:01,36.06249851,24.89878885
17,None,01/09/2014 07:30:05,36.06055378,24.89900976
17,None,01/09/2014 07:30:41,36.05983017,24.90009763
17,None,01/09/2014 07:31:47,36.05826327,24.90182405
17,None,01/09/2014 07:32:21,36.05706284,24.90168663
17,Katerina's Cafe,01/09/2014 07:33:31,36.05440324,24.90032276
17,Brew've Been Served,01/09/2014 07:53:01,36.05408469,24.90124984
17,GAStect,01/09/2014 07:57:48,36.0491679,24.87957173
17,GAStect,01/09/2014 12:25:01,36.04811801,24.87956579
17,Kalami Kafenion,01/09/2014 13:40:01,36.06582452,24.85245907
17,None,01/09/2014 19:25:02,36.06234121,24.89866406
17,Guy's Gyros,01/09/2014 20:41:01,36.05578359,24.90255665
17,None,01/10/2014 07:37:03,36.06230822,24.89878317
17,None,01/10/2014 07:38:37,36.0600013,24.90015175
17,None,01/10/2014 07:39:41,36.05825524,24.90162053
17,Brew've Been Served,01/10/2014 07:41:53,36.05406707,24.90120877
17,Brew've Been Served,01/10/2014 07:55:01,36.05402927,24.90123241
17,GAStect,01/10/2014 07:59:50,36.04907435,24.8795742
17,GAStect,01/10/2014 12:14:01,36.04811671,24.87957272
17,GAStect,01/10/2014 17:14:01,36.04811389,24.87957627
17,Frydos Autosupply n' More,01/10/2014 20:18:01,36.05496866,24.90186463
17,None,01/11/2014 18:52:01,36.06253293,24.89883821
17,Guy's Gyros,01/11/2014 20:14:05,36.05622117,24.90266741
17,None,01/12/2014 18:36:01,36.06237452,24.89879052
17,Shoppers' Delight,01/12/2014 19:27:01,36.05285645,24.86870598
17,None,01/13/2014 07:13:47,36.05818691,24.90187604
17,Brew've Been Served,01/13/2014 07:40:04,36.05387761,24.90110172
17,GAStect,01/13/2014 07:44:48,36.04916446,24.87956964
17,GAStect,01/13/2014 12:17:01,36.04811817,24.87957576
17,Hippokampos,01/13/2014 13:51:01,36.07663597,24.85772984
17,None,01/13/2014 18:47:03,36.06223329,24.89864608
17,Guy's Gyros,01/13/2014 20:22:01,36.05580231,24.90251046
17,None,01/14/2014 07:29:03,36.06232351,24.8987722
17,None,01/14/2014 07:31:46,36.05818125,24.90182516
17,Brew've Been Served,01/14/2014 07:54:03,36.05397919,24.90113335
17,GAStect,01/14/2014 07:58:46,36.04923306,24.87961784
17,GAStect,01/14/2014 12:23:01,36.04811387,24.87956953
17,Gelatogalore,01/14/2014 13:39:01,36.05967137,24.85801562
17,GAStect,01/14/2014 17:34:01,36.04811895,24.87957092
17,Guy's Gyros,01/14/2014 20:20:02,36.05593129,24.90262992
17,None,01/15/2014 06:52:01,36.06241568,24.89875554
17,Brew've Been Served,01/15/2014 07:38:01,36.05412432,24.90125517
17,GAStect,01/15/2014 07:42:52,36.04896232,24.87957964
17,GAStect,01/15/2014 12:14:01,36.04811988,24.87957661
17,Abila Zacharo,01/15/2014 13:47:03,36.06320287,24.85100631
17,GAStect,01/15/2014 17:23:01,36.04810893,24.87957464
17,None,01/15/2014 18:57:02,36.06238601,24.89873249
17,Guy's Gyros,01/15/2014 20:53:01,36.05588147,24.90254988
17,None,01/16/2014 07:28:01,36.06252123,24.89888179
17,None,01/16/2014 07:29:39,36.05988027,24.90011838
17,None,01/16/2014 07:30:43,36.05833516,24.90168978
17,None,01/16/2014 07:31:16,36.05731969,24.90183363
17,None,01/16/2014 07:31:49,36.05597628,24.90085637
17,Brew've Been Served,01/16/2014 07:32:53,36.05407097,24.90125403
17,Brew've Been Served,01/16/2014 07:53:03,36.05398406,24.90117746
17,GAStect,01/16/2014 07:57:44,36.04922203,24.87970622
17,GAStect,01/16/2014 12:12:01,36.04810905,24.87956657
17,Kalami Kafenion,01/16/2014 13:50:01,36.06583794,24.85247385
17,GAStect,01/16/2014 17:19:01,36.04811323,24.87957139
17,None,01/16/2014 18:17:01,36.06240025,24.89872238
17,Guy's Gyros,01/16/2014 19:09:01,36.05580416,24.90256133
17,None,01/17/2014 07:00:04,36.0622953,24.89867908
17,None,01/17/2014 07:00:38,36.06137139,24.89912407
17,None,01/17/2014 07:01:42,36.05978605,24.9000762
17,None,01/17/2014 07:02:49,36.0581991,24.90193733
17,None,01/17/2014 07:03:58,36.05555258,24.90058242
17,Brew've Been Served,01/17/2014 07:38:01,36.05405634,24.90123971
17,GAStect,01/17/2014 07:42:53,36.04891103,24.87957914
17,GAStect,01/17/2014 17:33:01,36.04811187,24.87957065
17,None,01/17/2014 19:28:06,36.06210802,24.89852337
17,Guy's Gyros,01/18/2014 13:28:01,36.05580471,24.90247152
17,Ahaggo Museum,01/18/2014 18:08:01,36.07706664,24.87618229
17,None,01/19/2014 12:49:01,36.06253955,24.89884822
17,Ouzeri Elian,01/19/2014 14:09:02,36.05192555,24.87094955
17,None,01/19/2014 18:24:01,36.06253735,24.89877878
17,Guy's Gyros,01/19/2014 19:51:01,36.05586233,24.90256926
12,None,01/06/2014 07:06:06,36.06509529,24.89893634
12,None,01/06/2014 07:07:51,36.06253848,24.89542097
12,None,01/06/2014 07:08:23,36.06281679,24.89393476
12,None,01/06/2014 07:08:54,36.06346852,24.89259643
12,None,01/06/2014 07:09:57,36.0631819,24.88948334
12,Hallowed Grounds,01/06/2014 07:10:34,36.06318925,24.88765834
12,Hallowed Grounds,01/06/2014 07:44:03,36.0634756,24.8858678
12,None,01/06/2014 07:45:07,36.06155406,24.88443304
12,None,01/06/2014 07:46:10,36.0602087,24.8824451
12,None,01/06/2014 07:49:17,36.05212515,24.88103089
12,Cup o'Joe,01/06/2014 07:49:48,36.05193299,24.87960406
12,GAStect,01/06/2014 07:50:19,36.05042846,24.87957716
12,GAStect,01/06/2014 12:28:01,36.04811231,24.87957241
12,Abila Zacharo,01/06/2014 14:12:01,36.06339309,24.85098873
12,GAStect,01/06/2014 17:12:01,36.04802417,24.87957268
12,None,01/06/2014 18:52:01,36.06771765,24.89914347
12,Guy's Gyros,01/06/2014 20:37:01,36.05580331,24.90254697
12,None,01/07/2014 07:10:44,36.06285099,24.89568269
12,None,01/07/2014 07:11:53,36.06341773,24.89257988
12,None,01/07/2014 07:12:25,36.06319276,24.8910939
12,None,01/07/2014 07:13:27,36.06314468,24.88807396
12,Hallowed Grounds,01/07/2014 07:52:01,36.06361039,24.88590663
12,None,01/07/2014 07:54:05,36.06045261,24.8825203
12,None,01/07/2014 07:57:14,36.05226397,24.88104658
12,Cup o'Joe,01/07/2014 07:57:45,36.05194223,24.87976754
12,GAStect,01/07/2014 07:58:16,36.05058702,24.87957801
12,GAStect,01/07/2014 12:07:01,36.04811185,24.87956758
12,Kalami Kafenion,01/07/2014 13:48:01,36.06583327,24.85246938
12,None,01/08/2014 07:10:02,36.06764204,24.89920308
12,None,01/08/2014 07:11:38,36.06382511,24.89816583
12,None,01/08/2014 07:13:49,36.06336737,24.89280118
12,None,01/08/2014 07:14:22,36.06318355,24.89121931
12,None,01/08/2014 07:15:28,36.06317027,24.88797334
12,Hallowed Grounds,01/08/2014 07:16:01,36.06366441,24.88658977
12,Hallowed Grounds,01/08/2014 07:47:02,36.06357101,24.88593213
12,None,01/08/2014 07:48:06,36.06153379,24.88446585
12,None,01/08/2014 07:49:09,36.06027677,24.88245244
12,None,01/08/2014 07:51:45,36.05282679,24.88214623
12,None,01/08/2014 07:52:17,36.05212907,24.88102852
12,Cup o'Joe,01/08/2014 07:52:49,36.05191992,24.87957466
12,GAStect,01/08/2014 07:53:51,36.0488255,24.87956696
12,GAStect,01/08/2014 12:14:01,36.04811736,24.87957201
12,Katerina's Cafe,01/08/2014 14:08:02,36.05432383,24.8998494
12,GAStect,01/08/2014 17:28:01,36.0481162,24.87956714
12,None,01/08/2014 19:22:02,36.06757949,24.89917029
12,General Grocer,01/08/2014 21:04:01,36.06036056,24.85646426
12,None,01/09/2014 07:04:01,36.06778426,24.89912509
12,None,01/09/2014 07:07:54,36.0633959,24.89254831
12,None,01/09/2014 07:08:26,36.06321484,24.89106663
12,None,01/09/2014 07:08:57,36.06317167,24.88951629
12,Hallowed Grounds,01/09/2014 07:10:00,36.06363975,24.88662867
12,Hallowed Grounds,01/09/2014 07:51:04,36.06349129,24.88594337
12,None,01/09/2014 07:52:07,36.06154511,24.88436628
12,None,01/09/2014 07:52:38,36.06074844,24.88367441
12,None,01/09/2014 07:53:09,36.0602669,24.8824687
12,None,01/09/2014 07:55:52,36.05277092,24.88180425
12,None,01/09/2014 07:56:23,36.05192764,24.88086779
12,Cup o'Joe,01/09/2014 07:56:54,36.05167104,24.87959113
12,GAStect,01/09/2014 12:32:01,36.04811668,24.87956734
12,Ouzeri Elian,01/09/2014 14:10:01,36.05194539,24.87086647
12,None,01/10/2014 07:29:01,36.0677134,24.89910083
12,None,01/10/2014 07:31:06,36.06301237,24.89728094
12,None,01/10/2014 07:32:19,36.06284511,24.89411387
12,None,01/10/2014 07:32:51,36.06341229,24.89266716
12,None,01/10/2014 07:33:25,36.06320842,24.89115854
12,None,01/10/2014 07:33:56,36.06319776,24.88957221
12,Hallowed Grounds,01/10/2014 07:34:30,36.06318814,24.88783414
12,Hallowed Grounds,01/10/2014 07:35:06,36.06368962,24.88631642
12,Hallowed Grounds,01/10/2014 07:52:01,36.06364691,24.88587201
12,None,01/10/2014 07:54:08,36.06034716,24.88247748
12,None,01/10/2014 07:56:45,36.05282131,24.8821455
12,None,01/10/2014 07:57:17,36.05210959,24.88103567
12,Cup o'Joe,01/10/2014 07:57:48,36.05193531,24.8796222
12,GAStect,01/10/2014 07:58:50,36.04887705,24.87956593
12,GAStect,01/10/2014 12:22:01,36.04810883,24.87957276
12,Katerina's Cafe,01/10/2014 14:13:01,36.05440911,24.899877
12,GAStect,01/10/2014 17:14:01,36.04810999,24.87957034
12,None,01/10/2014 18:57:01,36.06769024,24.8991963
12,None,01/11/2014 13:01:01,36.06766548,24.89915645
12,Kalami Kafenion,01/11/2014 14:18:01,36.06584668,24.85236542
12,None,01/12/2014 18:27:01,36.06784816,24.89909877
12,Guy's Gyros,01/12/2014 19:29:01,36.05575055,24.90247292
12,None,01/13/2014 07:39:01,36.06776757,24.89915042
12,None,01/13/2014 07:41:18,36.0632308,24.89667759
12,None,01/13/2014 07:41:50,36.06256954,24.89547521
12,None,01/13/2014 07:42:23,36.06284555,24.8940138
12,None,01/13/2014 07:44:02,36.06320914,24.88930191
12,Hallowed Grounds,01/13/2014 07:44:36,36.06325511,24.88767255
12,Hallowed Grounds,01/13/2014 07:45:08,36.06364503,24.88622974
12,Hallowed Grounds,01/13/2014 07:57:01,36.06361383,24.8858702
12,None,01/13/2014 07:58:35,36.06078052,24.88379895
12,None,01/13/2014 07:59:06,36.06038401,24.88246162
12,None,01/13/2014 08:02:14,36.05226002,24.88107336
12,Cup o'Joe,01/13/2014 08:02:45,36.05193578,24.87975778
12,GAStect,01/13/2014 08:03:17,36.05052512,24.87956663
12,GAStect,01/13/2014 12:11:01,36.04811094,24.87956595
12,None,01/13/2014 18:49:01,36.06772894,24.89914867
12,None,01/14/2014 07:15:02,36.0676916,24.89915947
12,None,01/14/2014 07:15:39,36.06646933,24.89901238
12,None,01/14/2014 07:17:21,36.06320964,24.89659425
12,None,01/14/2014 07:18:25,36.06286734,24.89384482
12,None,01/14/2014 07:19:38,36.0631601,24.89048164
12,None,01/14/2014 07:20:10,36.06317792,24.88888498
12,Hallowed Grounds,01/14/2014 07:50:01,36.06364431,24.88595243
12,None,01/14/2014 07:51:03,36.06159359,24.88457563
12,None,01/14/2014 07:52:06,36.06039234,24.88246962
12,None,01/14/2014 07:55:13,36.05232779,24.88106836
12,Cup o'Joe,01/14/2014 07:55:45,36.05194762,24.879763
12,GAStect,01/14/2014 07:56:16,36.05058989,24.87958186
12,GAStect,01/14/2014 12:05:01,36.04811043,24.87957346
12,GAStect,01/14/2014 17:24:01,36.04811652,24.87956784
12,None,01/14/2014 19:26:01,36.06765202,24.89911684
12,None,01/15/2014 07:11:34,36.06666861,24.89908582
12,None,01/15/2014 07:14:19,36.06276337,24.89416669
12,None,01/15/2014 07:16:29,36.0631475,24.88788244
12,Hallowed Grounds,01/15/2014 07:49:01,36.06360709,24.88594413
12,None,01/15/2014 07:51:11,36.06018081,24.88249991
12,None,01/15/2014 07:53:49,36.05280826,24.88193195
12,None,01/15/2014 07:54:21,36.0519525,24.88096518
12,Cup o'Joe,01/15/2014 07:54:52,36.05177725,24.87957972
12,GAStect,01/15/2014 12:20:01,36.04811619,24.87957592
12,None,01/15/2014 18:47:04,36.06743894,24.8992351
12,Kronos Mart,01/15/2014 19:33:02,36.06585846,24.84994396
12,None,01/16/2014 07:26:03,36.06771165,24.89922254
12,None,01/16/2014 07:29:16,36.06281297,24.89426151
12,None,01/16/2014 07:29:48,36.06337972,24.89278983
12,None,01/16/2014 07:30:19,36.06323536,24.89144652
12,None,01/16/2014 07:30:52,36.0631711,24.88976473
12,None,01/16/2014 07:31:26,36.06314119,24.88810199
12,Hallowed Grounds,01/16/2014 07:46:03,36.06353422,24.88588115
12,None,01/16/2014 07:47:07,36.06158884,24.88439599
12,None,01/16/2014 07:48:10,36.06018859,24.88246274
12,None,01/16/2014 07:50:45,36.05282009,24.88213388
12,None,01/16/2014 07:51:16,36.05215373,24.8810541
12,Cup o'Joe,01/16/2014 07:51:48,36.05192225,24.87961957
12,GAStect,01/16/2014 12:17:01,36.04811728,24.87957407
12,Abila Zacharo,01/16/2014 13:52:02,36.06327552,24.85096454
12,GAStect,01/16/2014 17:39:01,36.04811686,24.87956824
12,None,01/16/2014 19:28:01,36.0677087,24.89911727
12,Guy's Gyros,01/16/2014 20:41:01,36.05585111,24.90254088
12,None,01/17/2014 07:38:01,36.06767872,24.89914762
12,Coffee Cameleon,01/17/2014 07:43:31,36.05598863,24.89039518
12,None,01/17/2014 07:44:07,36.05593494,24.8886419
12,None,01/17/2014 07:44:39,36.05596305,24.88701178
12,None,01/17/2014 07:45:10,36.05455765,24.88679732
12,None,01/17/2014 07:46:13,36.05274726,24.88531761
12,None,01/17/2014 07:46:44,36.05274499,24.88375979
12,None,01/17/2014 07:47:15,36.05280616,24.88223723
12,None,01/17/2014 07:47:46,36.05226388,24.88106527
12,Cup o'Joe,01/17/2014 07:48:17,36.05193017,24.87975302
12,GAStect,01/17/2014 07:48:49,36.05053077,24.87956545
12,GAStect,01/17/2014 12:27:01,36.04810905,24.87957321
12,Kalami Kafenion,01/17/2014 14:07:01,36.06581679,24.85245793
12,GAStect,01/17/2014 17:36:01,36.04811773,24.87957362
12,None,01/17/2014 18:53:02,36.06767908,24.89917319
12,General Grocer,01/17/2014 20:51:01,36.06034937,24.85651744
12,None,01/19/2014 18:22:01,36.06783559,24.89917
18,None,01/06/2014 07:13:38,36.06315154,24.88895157
18,Hallowed Grounds,01/06/2014 07:14:11,36.06355146,24.88757964
18,Hallowed Grounds,01/06/2014 07:14:44,36.06371522,24.88596085
18,Hallowed Grounds,01/06/2014 07:41:01,36.06363565,24.88593102
18,None,01/06/2014 07:42:06,36.06155431,24.88449033
18,None,01/06/2014 07:42:37,36.0607534,24.88374573
18,None,01/06/2014 07:43:11,36.06016012,24.88245029
18,None,01/06/2014 07:45:46,36.05280059,24.88210249
18,None,01/06/2014 07:46:17,36.05211014,24.88103638
18,Cup o'Joe,01/06/2014 07:46:49,36.05193581,24.87958845
18,GAStect,01/06/2014 12:34:01,36.04811585,24.87956609
18,Katerina's Cafe,01/06/2014 13:57:01,36.0544039,24.89987876
18,GAStect,01/06/2014 17:28:01,36.0481116,24.87956907
18,None,01/06/2014 18:54:03,36.06336002,24.89639471
18,Katerina's Cafe,01/06/2014 21:05:03,36.05473402,24.90009116
18,None,01/07/2014 07:47:01,36.06339164,24.89611014
18,None,01/07/2014 07:48:45,36.0632926,24.89158839
18,None,01/07/2014 07:49:18,36.06312199,24.88998638
18,None,01/07/2014 07:49:50,36.06321115,24.88840282
18,Hallowed Grounds,01/07/2014 08:02:01,36.06362118,24.88587104
18,None,01/07/2014 08:03:05,36.06158979,24.88450872
18,None,01/07/2014 08:04:09,36.06025074,24.88251191
18,None,01/07/2014 08:06:48,36.05281332,24.88198356
18,None,01/07/2014 08:07:19,36.05201109,24.88098551
18,Cup o'Joe,01/07/2014 08:07:50,36.05187178,24.87959485
18,GAStect,01/07/2014 12:08:01,36.04811091,24.87956546
18,Guy's Gyros,01/07/2014 14:15:01,36.05569221,24.90243424
18,None,01/07/2014 18:52:04,36.063246,24.89650741
18,Katerina's Cafe,01/07/2014 20:43:01,36.0545719,24.90002896
18,None,01/08/2014 07:20:01,36.063355,24.89611826
18,None,01/08/2014 07:20:32,36.06262658,24.89499702
18,None,01/08/2014 07:21:06,36.06316033,24.89347001
18,None,01/08/2014 07:22:10,36.06321418,24.89041473
18,None,01/08/2014 07:49:35,36.0607397,24.88377136
18,None,01/08/2014 07:50:08,36.06034123,24.88244707
18,None,01/08/2014 07:52:48,36.05278622,24.88198969
18,None,01/08/2014 07:53:19,36.05202647,24.88098908
18,Cup o'Joe,01/08/2014 07:53:50,36.05186283,24.87956537
18,GAStect,01/08/2014 12:24:01,36.0481128,24.87956717
18,Abila Zacharo,01/08/2014 13:55:04,36.06308786,24.85100379
18,GAStect,01/08/2014 17:18:01,36.04811728,24.87957006
18,None,01/09/2014 07:29:01,36.06338521,24.89610092
18,None,01/09/2014 07:30:36,36.06325598,24.89204876
18,None,01/09/2014 07:31:08,36.06313785,24.89045266
18,None,01/09/2014 07:31:39,36.06318197,24.88897813
18,Hallowed Grounds,01/09/2014 07:32:45,36.06368072,24.88595059
18,Hallowed Grounds,01/09/2014 08:00:01,36.06361435,24.8858988
18,None,01/09/2014 08:01:14,36.06157605,24.88402271
18,None,01/09/2014 08:01:48,36.06072135,24.88314599
18,Carlyle Chemical Inc.,01/09/2014 08:02:22,36.05962968,24.88247358
18,None,01/09/2014 08:04:58,36.05276873,24.88150199
18,Cup o'Joe,01/09/2014 08:05:31,36.05194417,24.88047401
18,Cup o'Joe,01/09/2014 08:06:02,36.05126897,24.87956587
18,GAStect,01/09/2014 12:20:01,36.04811504,24.87957469
18,None,01/09/2014 19:04:03,36.06334233,24.89632365
18,Katerina's Cafe,01/09/2014 20:55:02,36.05462794,24.90001095
18,None,01/10/2014 07:29:01,36.06341673,24.89608139
18,None,01/10/2014 07:30:05,36.06320952,24.89344135
18,None,01/10/2014 07:31:08,36.0631914,24.89045001
18,None,01/10/2014 07:31:43,36.06312126,24.88877906
18,Hallowed Grounds,01/10/2014 07:43:04,36.06348488,24.88588605
18,None,01/10/2014 07:47:50,36.05279421,24.88190411
18,None,01/10/2014 07:48:21,36.05193154,24.88097143
18,Cup o'Joe,01/10/2014 07:48:52,36.0517735,24.87959406
18,GAStect,01/10/2014 12:18:01,36.04810938,24.87957526
18,Ouzeri Elian,01/10/2014 14:09:02,36.05192263,24.87096666
18,None,01/10/2014 19:03:04,36.0635455,24.89580867
18,None,01/10/2014 22:29:02,36.08545794,24.86057207
18,None,01/11/2014 12:47:01,36.06335172,24.89616131
18,Gelatogalore,01/11/2014 13:39:04,36.05943597,24.85799905
18,None,01/11/2014 18:28:01,36.06337808,24.8961292
18,Katerina's Cafe,01/11/2014 19:12:02,36.05459909,24.90002466
18,None,01/13/2014 07:04:01,36.0633587,24.89617193
18,Ahaggo Museum,01/13/2014 07:10:38,36.07522346,24.87974718
18,Ahaggo Museum,01/13/2014 07:11:09,36.0751752,24.87818964
18,Ahaggo Museum,01/13/2014 07:11:41,36.07522156,24.8766127
18,None,01/13/2014 07:12:12,36.07523288,24.87503987
18,None,01/13/2014 07:12:43,36.07523503,24.87349627
18,None,01/13/2014 07:13:14,36.07523318,24.87193596
18,None,01/13/2014 07:13:45,36.07522996,24.87038358
18,None,01/13/2014 07:14:16,36.07522211,24.86884631
18,None,01/13/2014 07:14:47,36.07522764,24.86729807
18,None,01/13/2014 07:15:19,36.07529724,24.86579586
18,None,01/13/2014 07:15:50,36.07640436,24.86511241
18,None,01/13/2014 07:16:21,36.07731744,24.86398177
18,None,01/13/2014 07:16:52,36.07806324,24.8628931
18,None,01/13/2014 07:17:24,36.07803623,24.86129327
18,None,01/13/2014 07:17:59,36.0780271,24.85960792
18,None,01/13/2014 07:19:03,36.07934677,24.8575675
18,None,01/13/2014 07:20:39,36.08091666,24.85424802
18,Bean There Done That,01/13/2014 07:21:11,36.08108425,24.8529245
18,Bean There Done That,01/13/2014 07:38:01,36.08172989,24.85091709
18,Bean There Done That,01/13/2014 07:38:36,36.08182126,24.8526947
18,None,01/13/2014 07:39:11,36.08088074,24.8535957
18,None,01/13/2014 07:39:42,36.0807484,24.85485824
18,None,01/13/2014 07:42:24,36.07807474,24.86055262
18,None,01/13/2014 07:42:55,36.07806083,24.86208997
18,None,01/13/2014 07:43:26,36.07806203,24.86359915
18,None,01/13/2014 07:43:58,36.07673727,24.86441051
18,None,01/13/2014 07:44:29,36.07609458,24.86579764
18,None,01/13/2014 07:45:31,36.07334759,24.8660863
18,None,01/13/2014 07:46:02,36.07242884,24.86672843
18,None,01/13/2014 07:46:35,36.07204479,24.868117
18,None,01/13/2014 07:47:07,36.07052482,24.86825502
18,None,01/13/2014 07:47:39,36.06962778,24.86906136
18,None,01/13/2014 07:48:11,36.06962656,24.87066096
18,None,01/13/2014 07:48:42,36.06952664,24.87219161
18,None,01/13/2014 07:49:13,36.06938176,24.87374092
18,Jack's Magical Beans,01/13/2014 07:49:44,36.06867933,24.8747519
18,Jack's Magical Beans,01/13/2014 07:50:17,36.06837002,24.87608899
18,None,01/13/2014 07:56:04,36.05193153,24.87721675
18,Cup o'Joe,01/13/2014 07:56:35,36.05193526,24.87873806
18,Cup o'Joe,01/13/2014 07:57:06,36.05121958,24.87957985
18,GAStect,01/13/2014 12:12:01,36.04811125,24.87957299
18,Hippokampos,01/13/2014 14:09:03,36.07664543,24.85785147
18,None,01/14/2014 07:41:02,36.06334117,24.89610447
18,None,01/14/2014 07:42:05,36.06314692,24.89344966
18,None,01/14/2014 07:42:38,36.06329194,24.8919649
18,None,01/14/2014 07:43:09,36.06316209,24.89040853
18,None,01/14/2014 07:43:42,36.06312207,24.88874807
18,Hallowed Grounds,01/14/2014 07:44:14,36.06358363,24.88741747
18,Hallowed Grounds,01/14/2014 07:44:45,36.0637048,24.8859543
18,Hallowed Grounds,01/14/2014 07:55:02,36.06354013,24.88590634
18,None,01/14/2014 07:56:04,36.06157466,24.88454249
18,None,01/14/2014 07:56:35,36.060742,24.88383534
18,None,01/14/2014 07:57:06,36.06039055,24.8824568
18,None,01/14/2014 07:59:41,36.05281201,24.88234421
18,None,01/14/2014 08:00:12,36.05234237,24.88109232
18,Cup o'Joe,01/14/2014 08:00:43,36.05193755,24.87985864
18,GAStect,01/14/2014 08:01:14,36.05067637,24.87957679
18,GAStect,01/14/2014 12:07:01,36.04811704,24.87957481
18,Guy's Gyros,01/14/2014 13:54:01,36.05571434,24.90252806
18,None,01/14/2014 19:43:02,36.0633903,24.89630317
18,Katerina's Cafe,01/14/2014 21:16:01,36.05450622,24.89993954
18,None,01/15/2014 06:59:01,36.06334326,24.89609382
18,Hallowed Grounds,01/15/2014 07:01:45,36.0636967,24.88659108
18,Hallowed Grounds,01/15/2014 07:37:01,36.06367395,24.88589983
18,None,01/15/2014 07:38:03,36.06157402,24.88463972
18,None,01/15/2014 07:39:06,36.06043586,24.88252225
18,None,01/15/2014 07:41:50,36.05280872,24.88188461
18,None,01/15/2014 07:42:21,36.0519358,24.88095716
18,Cup o'Joe,01/15/2014 07:42:52,36.05176421,24.87958309
18,GAStect,01/15/2014 07:43:54,36.04867114,24.87957205
18,GAStect,01/15/2014 12:24:01,36.04811147,24.87956555
18,GAStect,01/15/2014 17:37:01,36.04811783,24.87957051
18,None,01/15/2014 18:39:04,36.06331592,24.89641773
18,Katerina's Cafe,01/15/2014 20:06:01,36.05444409,24.89995276
18,None,01/16/2014 07:24:02,36.063283,24.89609899
18,None,01/16/2014 07:25:05,36.06323942,24.89349576
18,None,01/16/2014 07:25:37,36.06328434,24.89193335
18,None,01/16/2014 07:26:42,36.0631787,24.88876555
18,Hallowed Grounds,01/16/2014 07:27:13,36.06359284,24.88746665
18,Hallowed Grounds,01/16/2014 07:27:45,36.06369587,24.88598074
18,Hallowed Grounds,01/16/2014 08:00:01,36.06357598,24.88587171
18,None,01/16/2014 08:02:07,36.06035134,24.88251475
18,None,01/16/2014 08:04:53,36.05278234,24.88173289
18,Cup o'Joe,01/16/2014 08:05:24,36.05193082,24.88082414
18,Cup o'Joe,01/16/2014 08:05:55,36.0516347,24.8795683
18,GAStect,01/16/2014 08:06:57,36.04852874,24.87957693
18,GAStect,01/16/2014 12:32:02,36.04820359,24.87957069
18,Hippokampos,01/16/2014 13:52:02,36.07666206,24.85777125
18,GAStect,01/16/2014 17:20:01,36.04811566,24.87957076
18,None,01/16/2014 18:37:02,36.06328132,24.89634288
18,Katerina's Cafe,01/16/2014 20:35:02,36.05457265,24.90001013
18,None,01/17/2014 07:13:01,36.06336423,24.89604312
18,None,01/17/2014 07:14:07,36.06321049,24.8933862
18,None,01/17/2014 07:14:40,36.06319615,24.89186599
18,Hallowed Grounds,01/17/2014 07:41:01,36.06364591,24.88589178
18,None,01/17/2014 07:42:05,36.06160246,24.88449973
18,None,01/17/2014 07:42:44,36.06075187,24.8833788
18,None,01/17/2014 07:45:59,36.05277117,24.88144035
18,Cup o'Joe,01/17/2014 07:46:30,36.05194186,24.88051643
18,Cup o'Joe,01/17/2014 07:47:01,36.05131969,24.87959209
18,GAStect,01/17/2014 12:13:01,36.04811179,24.87956639
18,Hippokampos,01/17/2014 13:57:01,36.0766417,24.85771642
18,GAStect,01/17/2014 17:45:01,36.04811511,24.87957264
18,None,01/17/2014 19:35:01,36.06328489,24.89609815
18,General Grocer,01/17/2014 20:25:01,36.06033722,24.85656091
18,Guy's Gyros,01/18/2014 14:12:01,36.05588607,24.90251606
18,None,01/18/2014 18:38:01,36.06338715,24.89607033
18,Roberts and Sons,01/18/2014 19:24:01,36.06317097,24.85232563
18,None,01/19/2014 18:13:02,36.06333513,24.89630489
18,Katerina's Cafe,01/19/2014 20:35:01,36.05460944,24.89998756
20,None,01/06/2014 07:15:43,36.06033662,24.9039868
20,Brew've Been Served,01/06/2014 07:39:14,36.05351122,24.90084086
20,GAStect,01/06/2014 07:43:27,36.04915553,24.88055185
20,GAStect,01/06/2014 07:43:58,36.04867171,24.87957246
20,GAStect,01/06/2014 11:53:02,36.04820318,24.87956967
20,Guy's Gyros,01/06/2014 20:21:02,36.05588671,24.90261132
20,None,01/07/2014 07:15:17,36.06135732,24.90473938
20,None,01/07/2014 07:16:26,36.05925974,24.90484795
20,GAStect,01/07/2014 07:51:51,36.04901257,24.8795782
20,GAStect,01/07/2014 11:54:01,36.04811781,24.87957307
20,GAStect,01/07/2014 17:30:01,36.04811343,24.87957071
20,None,01/08/2014 07:21:19,36.05946904,24.9049459
20,Brew've Been Served,01/08/2014 07:56:02,36.05399435,24.90122148
20,GAStect,01/08/2014 08:00:47,36.04921759,24.87956587
20,GAStect,01/08/2014 11:57:01,36.04811867,24.87957256
20,Kalami Kafenion,01/08/2014 13:53:01,36.06581753,24.85246653
20,None,01/09/2014 07:12:40,36.06255073,24.90393995
20,None,01/09/2014 07:13:12,36.06163008,24.90484212
20,None,01/09/2014 07:14:22,36.05938449,24.9049359
20,Brew've Been Served,01/09/2014 07:39:05,36.05391186,24.90101817
20,GAStect,01/09/2014 07:43:55,36.04882041,24.87957341
20,GAStect,01/09/2014 12:20:01,36.04811083,24.87957002
20,GAStect,01/09/2014 17:38:02,36.04820547,24.87956747
20,Guy's Gyros,01/09/2014 19:59:01,36.05577487,24.90254488
20,None,01/10/2014 07:01:01,36.06592558,24.90102952
20,None,01/10/2014 07:02:41,36.0625985,24.90406364
20,None,01/10/2014 07:03:16,36.06140953,24.90483327
20,None,01/10/2014 07:04:25,36.05928327,24.9048964
20,Brew've Been Served,01/10/2014 07:06:33,36.05411155,24.90128545
20,Brew've Been Served,01/10/2014 07:37:02,36.05395583,24.90115037
20,None,01/10/2014 07:37:33,36.0527164,24.90029474
20,GAStect,01/10/2014 07:41:48,36.04917684,24.87958152
20,GAStect,01/10/2014 12:01:01,36.04811722,24.87957643
20,GAStect,01/10/2014 17:19:02,36.04820744,24.87956583
20,None,01/10/2014 18:42:03,36.0656338,24.90118504
20,None,01/11/2014 18:50:01,36.06576739,24.9010385
20,Guy's Gyros,01/11/2014 19:36:02,36.05594608,24.90254565
20,None,01/12/2014 18:32:04,36.06603551,24.90069624
20,None,01/13/2014 07:17:38,36.06264041,24.90388669
20,None,01/13/2014 07:18:09,36.06171965,24.90504594
20,Brew've Been Served,01/13/2014 07:46:02,36.05403378,24.90119181
20,GAStect,01/13/2014 07:50:49,36.04911218,24.87956556
20,GAStect,01/13/2014 12:07:01,36.04811332,24.87957029
20,Abila Zacharo,01/13/2014 13:27:01,36.06334304,24.85100596
20,GAStect,01/13/2014 17:37:01,36.0481137,24.87957468
20,None,01/14/2014 07:10:04,36.06573602,24.90113251
20,None,01/14/2014 07:13:20,36.05951097,24.90498054
20,Brew've Been Served,01/14/2014 07:55:02,36.05402532,24.90121136
20,GAStect,01/14/2014 07:59:46,36.04922441,24.87960313
20,GAStect,01/14/2014 12:17:01,36.04811947,24.8795686
20,Abila Zacharo,01/14/2014 13:40:04,36.06312545,24.85099592
20,GAStect,01/14/2014 14:13:01,36.04811196,24.87956739
20,Octavio's Office Supplies,01/14/2014 15:56:04,36.05857197,24.85824839
20,GAStect,01/14/2014 17:21:01,36.04803152,24.87956687
20,None,01/14/2014 18:28:01,36.06580027,24.90104222
20,Guy's Gyros,01/14/2014 20:20:01,36.05576669,24.90246955
20,None,01/15/2014 07:21:01,36.06587345,24.90105172
20,Brew've Been Served,01/15/2014 07:39:01,36.0540133,24.90125239
20,GAStect,01/15/2014 07:43:43,36.04922437,24.87976417
20,GAStect,01/15/2014 12:05:01,36.04811524,24.87957131
20,Hippokampos,01/15/2014 13:32:02,36.07662436,24.85778881
20,GAStect,01/15/2014 17:37:01,36.04811545,24.87957618
20,None,01/15/2014 19:19:03,36.06572901,24.90122811
20,Guy's Gyros,01/15/2014 20:09:02,36.05598434,24.90264169
20,None,01/16/2014 07:46:21,36.06124139,24.90461656
20,None,01/16/2014 07:48:07,36.05759911,24.90361129
20,Brew've Been Served,01/16/2014 07:56:02,36.05401395,24.90119928
20,GAStect,01/16/2014 08:00:49,36.04912556,24.87957004
20,GAStect,01/16/2014 12:18:01,36.04811609,24.87956987
20,Guy's Gyros,01/16/2014 20:21:01,36.05585463,24.90251798
20,None,01/17/2014 07:18:04,36.06596174,24.90083159
20,None,01/17/2014 07:21:27,36.05992526,24.89511443
20,None,01/17/2014 07:22:02,36.05852155,24.89411151
20,Coffee Cameleon,01/17/2014 07:24:10,36.05466888,24.89021019
20,Coffee Cameleon,01/17/2014 08:03:01,36.05468661,24.88982691
20,None,01/17/2014 08:03:32,36.05463901,24.88822473
20,None,01/17/2014 08:05:09,36.05275315,24.88514659
20,None,01/17/2014 08:05:40,36.05275809,24.88359987
20,None,01/17/2014 08:06:11,36.05281088,24.88203862
20,None,01/17/2014 08:06:42,36.05209747,24.88102056
20,Cup o'Joe,01/17/2014 08:07:13,36.05194527,24.87957417
20,GAStect,01/17/2014 08:08:16,36.04879501,24.87956939
20,GAStect,01/17/2014 12:05:01,36.04811717,24.87957462
20,Hippokampos,01/17/2014 13:33:01,36.07665347,24.85766164
20,GAStect,01/17/2014 17:28:02,36.0482027,24.8795734
20,Guy's Gyros,01/17/2014 19:32:01,36.0557282,24.90247329
20,None,01/18/2014 18:15:02,36.06572775,24.90116368
20,Guy's Gyros,01/19/2014 19:56:01,36.05584058,24.90257257
16,None,01/06/2014 07:15:33,36.05902548,24.90476093
16,Brew've Been Served,01/06/2014 08:01:01,36.05402047,24.9011673
16,None,01/06/2014 08:01:35,36.05262787,24.90032541
16,GAStect,01/06/2014 08:05:49,36.04911212,24.87957021
16,GAStect,01/06/2014 11:46:01,36.048116,24.8795669
16,Abila Zacharo,01/06/2014 13:40:01,36.06336187,24.85101478
16,GAStect,01/06/2014 17:53:01,36.04810944,24.87957428
16,Shoppers' Delight,01/06/2014 20:56:01,36.05283953,24.86866209
16,None,01/06/2014 23:01:01,36.0604469,24.90553854
16,None,01/07/2014 03:25:01,36.07684027,24.86587968
16,None,01/07/2014 07:30:01,36.0768003,24.86589403
16,Brewed Awakenings,01/07/2014 07:31:04,36.07429044,24.86511832
16,Brewed Awakenings,01/07/2014 07:31:36,36.07366938,24.86419419
16,Brewed Awakenings,01/07/2014 07:45:01,36.07330766,24.86420419
16,None,01/07/2014 07:46:03,36.07144008,24.86563258
16,None,01/07/2014 07:46:35,36.07081548,24.86659588
16,None,01/07/2014 07:47:06,36.0705321,24.86784135
16,None,01/07/2014 07:47:37,36.06964555,24.86858099
16,None,01/07/2014 07:48:09,36.06964469,24.87017366
16,None,01/07/2014 07:48:40,36.06960199,24.87173533
16,None,01/07/2014 07:49:13,36.06938208,24.87336745
16,Jack's Magical Beans,01/07/2014 07:49:44,36.0690157,24.87471935
16,Jack's Magical Beans,01/07/2014 07:50:15,36.06833397,24.87561507
16,None,01/07/2014 07:50:46,36.06743066,24.87634958
16,Cup o'Joe,01/07/2014 07:56:32,36.05194556,24.87823755
16,Cup o'Joe,01/07/2014 07:57:03,36.051728,24.87956782
16,GAStect,01/07/2014 07:57:34,36.05017908,24.87957119
16,GAStect,01/07/2014 07:58:05,36.0486368,24.87957529
16,GAStect,01/07/2014 11:56:01,36.04811026,24.8795744
16,Guy's Gyros,01/07/2014 13:29:01,36.05570158,24.90251912
16,GAStect,01/07/2014 17:39:01,36.04810832,24.87956913
16,GAStect,01/08/2014 07:43:51,36.04901371,24.87956556
16,GAStect,01/08/2014 11:45:01,36.04811622,24.87956898
16,Kalami Kafenion,01/08/2014 13:46:01,36.06582685,24.85237848
16,GAStect,01/08/2014 17:27:01,36.04811196,24.87956835
16,None,01/09/2014 07:31:03,36.05775138,24.90387619
16,Guy's Gyros,01/09/2014 07:31:34,36.05658178,24.90286453
16,Brew've Been Served,01/09/2014 07:54:03,36.05401824,24.90114077
16,GAStect,01/09/2014 07:58:54,36.04886842,24.87957417
16,GAStect,01/09/2014 11:57:01,36.04811555,24.87956753
16,Frydos Autosupply n' More,01/09/2014 13:27:06,36.05532807,24.90214142
16,GAStect,01/09/2014 17:29:01,36.04811612,24.87957522
16,None,01/09/2014 18:50:02,36.06026349,24.90552391
16,None,01/10/2014 07:16:01,36.06028619,24.90554731
16,Brew've Been Served,01/10/2014 07:59:01,36.05406709,24.90123521
16,GAStect,01/10/2014 08:03:48,36.04916253,24.87957041
16,GAStect,01/10/2014 12:01:01,36.048109,24.87956798
16,Katerina's Cafe,01/10/2014 13:37:01,36.05439596,24.89982649
16,GAStect,01/10/2014 17:29:01,36.04811902,24.87957353
16,Roberts and Sons,01/10/2014 21:20:01,36.06330782,24.85230813
16,None,01/10/2014 23:00:01,36.06044171,24.90562154
16,None,01/11/2014 03:23:01,36.07622289,24.87470238
16,None,01/11/2014 03:23:32,36.07524968,24.87529375
16,Ahaggo Museum,01/11/2014 03:24:04,36.07519502,24.87690162
16,Ahaggo Museum,01/11/2014 03:24:35,36.07522414,24.87842143
16,None,01/11/2014 03:25:14,36.07517866,24.88038362
16,None,01/11/2014 03:25:45,36.07418871,24.88118808
16,None,01/11/2014 03:31:45,36.06358096,24.89682894
16,None,01/11/2014 03:32:53,36.06217132,24.89964148
16,None,01/11/2014 03:34:33,36.06078695,24.90435549
16,None,01/11/2014 18:01:01,36.06033998,24.90568022
16,Guy's Gyros,01/11/2014 20:18:01,36.05585611,24.90257689
16,None,01/12/2014 18:32:01,36.06031607,24.9055252
16,Brew've Been Served,01/13/2014 07:56:01,36.05402254,24.9011918
16,GAStect,01/13/2014 08:00:43,36.04921627,24.87975715
16,GAStect,01/13/2014 11:50:01,36.04811861,24.87957177
16,Guy's Gyros,01/13/2014 20:10:11,36.05667971,24.9029502
16,None,01/14/2014 07:10:01,36.06036159,24.90564066
16,Guy's Gyros,01/14/2014 07:11:44,36.05617211,24.90264971
16,Brew've Been Served,01/14/2014 07:43:04,36.05387587,24.90107597
16,GAStect,01/14/2014 07:47:48,36.04916113,24.87957258
16,GAStect,01/14/2014 11:57:01,36.04810858,24.87956562
16,Katerina's Cafe,01/14/2014 13:42:03,36.05428051,24.89973713
16,GAStect,01/14/2014 17:49:01,36.0481189,24.87957465
16,Brew've Been Served,01/15/2014 07:51:01,36.05407954,24.90119051
16,GAStect,01/15/2014 07:55:44,36.04922779,24.87971704
16,GAStect,01/15/2014 11:56:01,36.04811654,24.87957129
16,GAStect,01/15/2014 17:29:01,36.04811436,24.87956692
16,Brew've Been Served,01/16/2014 07:45:01,36.05408341,24.9012071
16,GAStect,01/16/2014 07:49:51,36.04902627,24.8795695
16,GAStect,01/16/2014 12:15:01,36.04811085,24.87956682
16,Hippokampos,01/16/2014 13:53:01,36.07662472,24.85771193
16,GAStect,01/16/2014 17:26:01,36.04812005,24.87957674
16,Roberts and Sons,01/16/2014 20:55:02,36.06311311,24.85228324
16,None,01/17/2014 07:44:02,36.06036768,24.90562788
16,Guy's Gyros,01/17/2014 07:45:37,36.05647001,24.90290323
16,Brew've Been Served,01/17/2014 07:59:03,36.05397297,24.90117799
16,GAStect,01/17/2014 08:03:56,36.04876516,24.87957722
16,GAStect,01/17/2014 11:56:01,36.04811269,24.87956635
16,Abila Zacharo,01/17/2014 13:57:03,36.06321328,24.85098011
16,GAStect,01/17/2014 17:50:01,36.04811538,24.87957405
16,Frydos Autosupply n' More,01/17/2014 20:44:03,36.05513429,24.90199723
16,None,01/18/2014 18:39:01,36.06041794,24.90557282
16,Katerina's Cafe,01/18/2014 20:14:02,36.05457277,24.89998437
16,None,01/19/2014 12:23:01,36.0604708,24.90558207
16,Katerina's Cafe,01/19/2014 13:01:01,36.05450828,24.89997349
16,None,01/19/2014 18:18:01,36.06040229,24.90558329
16,Guy's Gyros,01/19/2014 20:01:01,36.05582928,24.9025573
6,Coffee Cameleon,01/06/2014 07:20:15,36.05468004,24.89102005
6,Coffee Cameleon,01/06/2014 07:51:01,36.05465148,24.88978139
6,None,01/06/2014 07:51:32,36.05464559,24.88818309
6,None,01/06/2014 07:52:03,36.05451109,24.88681293
6,None,01/06/2014 07:53:05,36.05276588,24.88533744
6,None,01/06/2014 07:53:38,36.05274965,24.88370538
6,None,01/06/2014 07:54:09,36.05279706,24.88216881
6,None,01/06/2014 07:54:40,36.05217148,24.88103336
6,Cup o'Joe,01/06/2014 07:55:12,36.05194344,24.87964994
6,GAStect,01/06/2014 12:01:01,36.0481135,24.8795697
6,Katerina's Cafe,01/06/2014 20:14:02,36.05459946,24.90006143
6,None,01/07/2014 07:17:01,36.05943911,24.89482654
6,Coffee Cameleon,01/07/2014 07:19:40,36.05462516,24.88979466
6,Coffee Cameleon,01/07/2014 07:57:01,36.05462526,24.88974017
6,None,01/07/2014 07:57:32,36.05468193,24.88821906
6,None,01/07/2014 07:58:04,36.0544781,24.8867719
6,None,01/07/2014 07:59:06,36.05273375,24.88531793
6,None,01/07/2014 07:59:37,36.05276845,24.88374783
6,None,01/07/2014 08:00:08,36.05282443,24.88220141
6,None,01/07/2014 08:00:39,36.05224296,24.88104202
6,Cup o'Joe,01/07/2014 08:01:10,36.05193975,24.87973755
6,GAStect,01/07/2014 08:01:42,36.0504946,24.87957864
6,GAStect,01/07/2014 11:55:01,36.04811229,24.87957016
6,Gelatogalore,01/07/2014 13:37:01,36.05975474,24.85804622
6,GAStect,01/07/2014 17:45:01,36.04811,24.87956707
6,Katerina's Cafe,01/07/2014 20:13:02,36.05466975,24.90004032
6,None,01/08/2014 07:24:02,36.05941595,24.89473082
6,Coffee Cameleon,01/08/2014 07:26:42,36.05465323,24.88977294
6,Coffee Cameleon,01/08/2014 07:57:01,36.05463566,24.88976905
6,None,01/08/2014 07:57:32,36.05465924,24.88820208
6,None,01/08/2014 07:58:03,36.05450496,24.88678298
6,None,01/08/2014 07:59:06,36.05274217,24.88531375
6,None,01/08/2014 07:59:38,36.05274738,24.88370843
6,None,01/08/2014 08:00:10,36.05281179,24.88210951
6,None,01/08/2014 08:00:41,36.05211919,24.88103787
6,Cup o'Joe,01/08/2014 08:01:12,36.05193075,24.87964417
6,GAStect,01/08/2014 12:10:02,36.0482021,24.87956848
6,Katerina's Cafe,01/08/2014 21:15:02,36.05456978,24.90007583
6,None,01/09/2014 07:07:04,36.05933626,24.89466814
6,Coffee Cameleon,01/09/2014 07:09:14,36.05469674,24.89107027
6,Coffee Cameleon,01/09/2014 07:44:01,36.05468422,24.88977733
6,None,01/09/2014 07:44:32,36.05464724,24.88823663
6,None,01/09/2014 07:45:03,36.05449468,24.88679558
6,None,01/09/2014 07:46:07,36.05275663,24.88523384
6,None,01/09/2014 07:46:38,36.05274393,24.88370211
6,None,01/09/2014 07:47:09,36.0527977,24.88215996
6,None,01/09/2014 07:47:41,36.05213131,24.88103917
6,Cup o'Joe,01/09/2014 07:48:12,36.05194526,24.87962294
6,GAStect,01/09/2014 07:48:43,36.05044864,24.8795652
6,GAStect,01/09/2014 11:55:01,36.04811567,24.87956512
6,Katerina's Cafe,01/09/2014 13:09:01,36.05441053,24.89985538
6,GAStect,01/09/2014 17:28:01,36.04802298,24.87957267
6,Guy's Gyros,01/09/2014 20:33:02,36.05594813,24.90260539
6,None,01/10/2014 07:06:02,36.05943959,24.89471667
6,Coffee Cameleon,01/10/2014 07:08:41,36.05469316,24.88980127
6,Coffee Cameleon,01/10/2014 07:44:01,36.05467178,24.88978307
6,None,01/10/2014 07:44:35,36.05465131,24.88807983
6,None,01/10/2014 07:45:06,36.05435763,24.88678912
6,None,01/10/2014 07:46:08,36.05274126,24.88518965
6,None,01/10/2014 07:46:40,36.05275734,24.88358108
6,None,01/10/2014 07:47:12,36.05280904,24.88199412
6,None,01/10/2014 07:47:45,36.05194084,24.88099659
6,Cup o'Joe,01/10/2014 07:48:16,36.05180431,24.87957848
6,GAStect,01/10/2014 12:11:01,36.04811919,24.87956783
6,GAStect,01/10/2014 14:40:01,36.04811073,24.8795744
6,Octavio's Office Supplies,01/10/2014 16:16:01,36.05863342,24.85803928
6,GAStect,01/10/2014 17:41:01,36.0480249,24.87957096
6,None,01/10/2014 22:20:01,36.08543534,24.86050923
6,None,01/11/2014 12:32:03,36.0595681,24.89454194
6,Abila Zacharo,01/11/2014 13:54:01,36.06336551,24.85102091
6,Katerina's Cafe,01/11/2014 19:20:01,36.05453054,24.89996004
6,None,01/12/2014 18:15:01,36.05948981,24.8949056
6,Katerina's Cafe,01/12/2014 19:26:01,36.05448191,24.89990136
6,None,01/13/2014 07:51:01,36.05947475,24.8947385
6,Coffee Cameleon,01/13/2014 07:53:39,36.05462563,24.88982616
6,Coffee Cameleon,01/13/2014 08:03:01,36.05467805,24.88977811
6,None,01/13/2014 08:03:37,36.05467182,24.88794007
6,None,01/13/2014 08:04:09,36.05419631,24.8867942
6,None,01/13/2014 08:05:13,36.05276453,24.88492107
6,None,01/13/2014 08:05:44,36.05277224,24.88337979
6,None,01/13/2014 08:06:15,36.05277768,24.88183711
6,None,01/13/2014 08:06:46,36.05194566,24.88092651
6,Cup o'Joe,01/13/2014 08:07:17,36.05174522,24.87956909
6,GAStect,01/13/2014 11:46:01,36.04811033,24.87957486
6,Hippokampos,01/13/2014 13:34:02,36.0766933,24.85779053
6,Katerina's Cafe,01/13/2014 20:49:01,36.05447164,24.89992255
6,None,01/14/2014 07:21:02,36.05938369,24.89472198
6,Coffee Cameleon,01/14/2014 07:23:19,36.05467877,24.89088903
6,Coffee Cameleon,01/14/2014 07:56:01,36.05462451,24.88977554
6,None,01/14/2014 07:56:32,36.0547003,24.8882091
6,None,01/14/2014 07:57:04,36.05448418,24.88681278
6,None,01/14/2014 07:58:06,36.05272968,24.88531199
6,None,01/14/2014 07:58:37,36.05276529,24.88376609
6,None,01/14/2014 07:59:08,36.05282554,24.88220494
6,None,01/14/2014 07:59:39,36.05221645,24.88107078
6,Cup o'Joe,01/14/2014 08:00:11,36.05194851,24.87967403
6,GAStect,01/14/2014 08:00:42,36.05049643,24.87958432
6,GAStect,01/14/2014 12:12:01,36.04811651,24.87956998
6,None,01/15/2014 07:30:02,36.0594412,24.89472449
6,Coffee Cameleon,01/15/2014 07:32:14,36.05465313,24.8911173
6,Coffee Cameleon,01/15/2014 08:02:01,36.05462533,24.88978919
6,None,01/15/2014 08:02:33,36.05467681,24.88812374
6,None,01/15/2014 08:03:05,36.0543932,24.88677856
6,None,01/15/2014 08:04:08,36.05276781,24.8852182
6,None,01/15/2014 08:04:40,36.05274873,24.8835915
6,None,01/15/2014 08:05:11,36.05280679,24.88204164
6,None,01/15/2014 08:05:42,36.05208995,24.88100422
6,Cup o'Joe,01/15/2014 08:06:14,36.05190127,24.87958887
6,GAStect,01/15/2014 12:05:01,36.04811536,24.87956632
6,GAStect,01/15/2014 17:41:01,36.04811265,24.87956984
6,Katerina's Cafe,01/15/2014 21:07:07,36.0549454,24.90022117
6,None,01/16/2014 07:08:01,36.05947902,24.89480535
6,Coffee Cameleon,01/16/2014 07:10:14,36.05463285,24.89109156
6,Coffee Cameleon,01/16/2014 07:53:01,36.05465204,24.8897241
6,None,01/16/2014 07:53:32,36.05467489,24.88823381
6,None,01/16/2014 07:54:03,36.05449311,24.8867708
6,None,01/16/2014 07:55:05,36.05272476,24.88535867
6,None,01/16/2014 07:55:36,36.05276778,24.88377861
6,None,01/16/2014 07:56:07,36.05280921,24.8822529
6,None,01/16/2014 07:56:38,36.05228918,24.88107238
6,Cup o'Joe,01/16/2014 07:57:10,36.051924,24.87974855
6,GAStect,01/16/2014 07:57:41,36.05053756,24.87957597
6,GAStect,01/16/2014 11:53:01,36.04811928,24.87957493
6,Hippokampos,01/16/2014 13:39:02,36.07669383,24.85778888
6,Katerina's Cafe,01/16/2014 21:00:01,36.05457639,24.90002325
6,None,01/17/2014 07:31:01,36.0593896,24.89477064
6,Coffee Cameleon,01/17/2014 07:33:40,36.05464854,24.88982972
6,Coffee Cameleon,01/17/2014 07:53:01,36.05468165,24.88976537
6,None,01/17/2014 07:53:33,36.05467395,24.88817942
6,None,01/17/2014 07:54:05,36.05439149,24.88681013
6,None,01/17/2014 07:55:08,36.05275559,24.88518342
6,None,01/17/2014 07:55:39,36.05278502,24.8836478
6,None,01/17/2014 07:56:10,36.05281642,24.88211545
6,None,01/17/2014 07:56:41,36.05213195,24.88104457
6,Cup o'Joe,01/17/2014 07:57:12,36.05193838,24.8796304
6,GAStect,01/17/2014 17:42:01,36.04811743,24.87956623
6,None,01/17/2014 19:36:04,36.05934115,24.89510168
6,Katerina's Cafe,01/17/2014 20:23:02,36.05460155,24.9000736
6,None,01/18/2014 12:20:02,36.0595454,24.89466053
6,Roberts and Sons,01/18/2014 15:44:01,36.06320167,24.85231174
3,None,01/06/2014 07:20:09,36.08546986,24.85515666
3,Bean There Done That,01/06/2014 07:22:17,36.08276983,24.85150424
3,Bean There Done That,01/06/2014 07:47:02,36.08178931,24.85106729
3,Bean There Done That,01/06/2014 07:47:39,36.08180874,24.8528462
3,None,01/06/2014 07:48:43,36.08066839,24.85493268
3,None,01/06/2014 07:49:49,36.07932917,24.8570151
3,None,01/06/2014 07:50:20,36.07937464,24.85853785
3,None,01/06/2014 07:51:22,36.07806103,24.86040697
3,None,01/06/2014 07:51:53,36.07804864,24.86196392
3,None,01/06/2014 07:52:26,36.07802227,24.86361024
3,None,01/06/2014 07:52:57,36.07677082,24.86437589
3,None,01/06/2014 07:53:28,36.07613022,24.86578119
3,None,01/06/2014 07:54:00,36.07455111,24.86572498
3,None,01/06/2014 07:54:33,36.07334374,24.86618384
3,None,01/06/2014 07:55:04,36.07243344,24.86682278
3,None,01/06/2014 07:55:35,36.07204747,24.86811831
3,None,01/06/2014 07:56:39,36.06964395,24.86903529
3,None,01/06/2014 07:57:10,36.0696529,24.87058944
3,None,01/06/2014 07:57:41,36.06956807,24.8721426
3,None,01/06/2014 07:58:12,36.06934894,24.8736689
3,Jack's Magical Beans,01/06/2014 07:58:45,36.06861875,24.87477146
3,Jack's Magical Beans,01/06/2014 07:59:16,36.06836316,24.87606717
3,None,01/06/2014 07:59:48,36.06701259,24.87639193
3,None,01/06/2014 08:05:04,36.05193481,24.87719735
3,Cup o'Joe,01/06/2014 08:05:36,36.05192827,24.87878808
3,Cup o'Joe,01/06/2014 08:06:07,36.05118121,24.87958872
3,GAStect,01/06/2014 12:09:01,36.04811327,24.87957379
3,None,01/07/2014 07:55:02,36.08661196,24.8575749
3,None,01/07/2014 07:57:43,36.08103419,24.86036871
3,None,01/07/2014 07:58:14,36.08052401,24.86143206
3,None,01/07/2014 07:59:48,36.07805534,24.86363854
3,None,01/07/2014 08:00:19,36.07675261,24.86435721
3,None,01/07/2014 08:00:50,36.07615099,24.86579085
3,None,01/07/2014 08:01:53,36.07333016,24.86609811
3,None,01/07/2014 08:02:24,36.07242153,24.8667594
3,None,01/07/2014 08:02:55,36.07212877,24.86811516
3,None,01/07/2014 08:03:59,36.06964787,24.86897276
3,None,01/07/2014 08:04:31,36.06963131,24.8705639
3,None,01/07/2014 08:05:02,36.0695403,24.87208056
3,None,01/07/2014 08:05:33,36.06935992,24.87363661
3,Jack's Magical Beans,01/07/2014 08:06:04,36.06878766,24.87474009
3,Jack's Magical Beans,01/07/2014 08:06:37,36.06835574,24.8760243
3,None,01/07/2014 08:12:28,36.05194559,24.87732936
3,Cup o'Joe,01/07/2014 08:13:00,36.05192106,24.87890755
3,Cup o'Joe,01/07/2014 08:13:31,36.0510732,24.87958683
3,GAStect,01/07/2014 12:11:01,36.04802926,24.87956615
3,GAStect,01/07/2014 17:44:01,36.04811473,24.87956891
3,None,01/08/2014 07:03:02,36.08665347,24.85751974
3,Bean There Done That,01/08/2014 07:06:13,36.08277739,24.85168435
3,Bean There Done That,01/08/2014 07:06:47,36.08183185,24.85088679
3,Bean There Done That,01/08/2014 07:45:01,36.08174728,24.85091407
3,Bean There Done That,01/08/2014 07:45:38,36.08180608,24.85277355
3,Bean There Done That,01/08/2014 07:46:09,36.08092575,24.85349591
3,None,01/08/2014 07:46:43,36.0806146,24.85490038
3,None,01/08/2014 07:48:18,36.0793673,24.85844675
3,None,01/08/2014 07:49:21,36.07802827,24.86039979
3,None,01/08/2014 07:49:52,36.07803,24.86194295
3,None,01/08/2014 07:50:23,36.0780335,24.86344325
3,None,01/08/2014 07:50:56,36.07682799,24.86430285
3,None,01/08/2014 07:51:28,36.07616018,24.86577667
3,None,01/08/2014 07:52:31,36.07334825,24.86610028
3,None,01/08/2014 07:53:02,36.07242124,24.86673336
3,None,01/08/2014 07:53:33,36.07213338,24.86810013
3,None,01/08/2014 07:54:35,36.06962717,24.86883392
3,None,01/08/2014 07:55:06,36.06962881,24.87041157
3,None,01/08/2014 07:55:37,36.06956444,24.87191831
3,None,01/08/2014 07:56:11,36.06936876,24.87362465
3,Jack's Magical Beans,01/08/2014 07:56:42,36.06876825,24.87477183
3,Jack's Magical Beans,01/08/2014 07:57:14,36.06834437,24.87595309
3,None,01/08/2014 08:03:04,36.05193784,24.87721548
3,Cup o'Joe,01/08/2014 08:03:35,36.05195035,24.87875016
3,Cup o'Joe,01/08/2014 08:04:06,36.05121028,24.87957938
3,GAStect,01/08/2014 08:04:37,36.0496651,24.87957211
3,GAStect,01/08/2014 08:05:08,36.04812365,24.87957616
3,GAStect,01/08/2014 12:13:01,36.04811517,24.87956848
3,Hippokampos,01/08/2014 13:52:05,36.07666949,24.85802939
3,GAStect,01/08/2014 17:37:01,36.04811339,24.87956846
3,None,01/08/2014 18:56:01,36.08656221,24.85757969
3,Albert's Fine Clothing,01/08/2014 20:53:01,36.07538158,24.85628646
3,None,01/09/2014 07:42:02,36.08661304,24.8575978
3,None,01/09/2014 07:43:15,36.08413339,24.85897044
3,None,01/09/2014 07:44:51,36.08066053,24.86039272
3,None,01/09/2014 07:45:24,36.08034479,24.86167831
3,None,01/09/2014 07:46:57,36.07767596,24.86382228
3,None,01/09/2014 07:47:28,36.07659298,24.86478011
3,None,01/09/2014 07:47:59,36.07570143,24.86576673
3,None,01/09/2014 07:49:02,36.07333171,24.86655405
3,None,01/09/2014 07:49:34,36.07238326,24.86725283
3,None,01/09/2014 07:50:06,36.07157881,24.86817068
3,None,01/09/2014 07:50:37,36.07034453,24.86857114
3,None,01/09/2014 07:51:08,36.069633,24.86942975
3,None,01/09/2014 07:51:39,36.06964531,24.87096237
3,None,01/09/2014 07:52:10,36.06949264,24.87247421
3,None,01/09/2014 07:52:42,36.06931293,24.87407508
3,Jack's Magical Beans,01/09/2014 07:53:14,36.06837723,24.87485705
3,None,01/09/2014 07:53:45,36.06822006,24.87628363
3,None,01/09/2014 07:59:30,36.05194862,24.87740937
3,Cup o'Joe,01/09/2014 08:00:01,36.05194189,24.87894642
3,Cup o'Joe,01/09/2014 08:00:32,36.05100912,24.87958346
3,GAStect,01/09/2014 12:16:01,36.04802106,24.87957021
3,Hippokampos,01/09/2014 13:47:01,36.0766409,24.85770614
3,GAStect,01/09/2014 17:43:01,36.04811165,24.8795761
3,None,01/09/2014 19:45:01,36.08658001,24.85766237
3,Hippokampos,01/09/2014 21:44:02,36.07683264,24.85762993
3,None,01/10/2014 07:40:01,36.08665221,24.857605
3,None,01/10/2014 07:42:08,36.08365286,24.85400028
3,Bean There Done That,01/10/2014 07:43:17,36.08273993,24.85148018
3,Bean There Done That,01/10/2014 08:04:02,36.08181604,24.85098715
3,None,01/10/2014 08:06:47,36.07937214,24.85694072
3,None,01/10/2014 08:07:18,36.07939102,24.85846387
3,None,01/10/2014 08:08:22,36.07806509,24.86040613
3,None,01/10/2014 08:08:53,36.07804305,24.86198446
3,None,01/10/2014 08:09:24,36.07806328,24.86352303
3,None,01/10/2014 08:09:55,36.07683022,24.86430143
3,None,01/10/2014 08:10:26,36.0761779,24.86565482
3,None,01/10/2014 08:11:31,36.07332566,24.86610098
3,None,01/10/2014 08:12:02,36.07242639,24.86672407
3,None,01/10/2014 08:12:34,36.07209453,24.86811674
3,None,01/10/2014 08:13:38,36.0696243,24.86900135
3,None,01/10/2014 08:14:12,36.06964421,24.8706936
3,None,01/10/2014 08:14:43,36.0695181,24.87224161
3,None,01/10/2014 08:15:14,36.06934207,24.87375443
3,Jack's Magical Beans,01/10/2014 08:15:47,36.06852974,24.87475072
3,None,01/10/2014 08:16:18,36.06836094,24.8761473
3,None,01/10/2014 08:22:06,36.05195204,24.87731231
3,Cup o'Joe,01/10/2014 08:22:40,36.05192151,24.87899278
3,Cup o'Joe,01/10/2014 08:23:11,36.05097265,24.87956545
3,GAStect,01/10/2014 12:23:01,36.0481109,24.87956644
3,Guy's Gyros,01/10/2014 13:52:05,36.05548172,24.90229589
3,GAStect,01/10/2014 17:44:01,36.04811517,24.8795683
3,None,01/10/2014 19:03:01,36.08662878,24.85765127
3,None,01/11/2014 00:29:01,36.08542131,24.86030053
3,None,01/11/2014 18:08:01,36.08662551,24.85762126
3,Hippokampos,01/11/2014 20:04:01,36.07667298,24.85760185
3,None,01/12/2014 18:35:01,36.0866865,24.8576454
3,Hippokampos,01/12/2014 20:12:01,36.0767743,24.85760844
3,None,01/13/2014 07:06:03,36.08664894,24.85742005
3,None,01/13/2014 07:07:09,36.08547589,24.85514938
3,None,01/13/2014 07:08:15,36.0835117,24.85380981
3,Bean There Done That,01/13/2014 07:39:03,36.08179667,24.85101389
3,Bean There Done That,01/13/2014 07:39:40,36.08178842,24.85290386
3,None,01/13/2014 07:42:21,36.07934987,24.85861089
3,None,01/13/2014 07:42:53,36.07818701,24.85912053
3,None,01/13/2014 07:43:24,36.07805211,24.86051847
3,None,01/13/2014 07:43:57,36.07805801,24.86217514
3,None,01/13/2014 07:44:28,36.07804077,24.8636704
3,None,01/13/2014 07:45:32,36.07597407,24.86576615
3,None,01/13/2014 07:46:36,36.07332748,24.86634292
3,None,01/13/2014 07:47:08,36.07240168,24.86703087
3,None,01/13/2014 07:47:40,36.07180276,24.86813486
3,None,01/13/2014 07:48:11,36.07045532,24.86845427
3,None,01/13/2014 07:48:42,36.0696294,24.86920102
3,None,01/13/2014 07:49:13,36.06964766,24.87073297
3,None,01/13/2014 07:49:45,36.06950956,24.87234109
3,None,01/13/2014 07:50:18,36.06934205,24.873993
3,Jack's Magical Beans,01/13/2014 07:50:49,36.06846037,24.87475747
3,None,01/13/2014 07:51:22,36.06826976,24.87632007
3,None,01/13/2014 07:56:44,36.0522974,24.87654146
3,None,01/13/2014 07:57:15,36.0519453,24.87775381
3,Cup o'Joe,01/13/2014 07:57:46,36.05194746,24.87930715
3,GAStect,01/13/2014 07:58:17,36.05066742,24.87957882
3,GAStect,01/13/2014 12:09:01,36.04811673,24.87956826
3,Abila Zacharo,01/13/2014 13:43:03,36.06322408,24.85104051
3,GAStect,01/13/2014 17:56:01,36.04811898,24.87956507
3,None,01/14/2014 07:39:32,36.08616276,24.85641827
3,None,01/14/2014 07:40:04,36.08542039,24.85542662
3,Bean There Done That,01/14/2014 08:03:01,36.08177678,24.85095132
3,Bean There Done That,01/14/2014 08:04:09,36.0809344,24.85349066
3,None,01/14/2014 08:06:17,36.07935165,24.85840842
3,None,01/14/2014 08:07:54,36.07804998,24.86203805
3,None,01/14/2014 08:08:25,36.0780205,24.86355273
3,None,01/14/2014 08:08:56,36.07679908,24.86433015
3,None,01/14/2014 08:09:28,36.07616207,24.86578076
3,None,01/14/2014 08:10:30,36.07332798,24.86603562
3,None,01/14/2014 08:11:03,36.07241671,24.86677336
3,None,01/14/2014 08:11:34,36.07210228,24.86811908
3,None,01/14/2014 08:12:07,36.0705131,24.8682681
3,None,01/14/2014 08:12:39,36.06963774,24.86906125
3,None,01/14/2014 08:13:10,36.06963154,24.87057502
3,None,01/14/2014 08:13:42,36.0695493,24.87220558
3,None,01/14/2014 08:14:13,36.06934618,24.87373376
3,Jack's Magical Beans,01/14/2014 08:14:45,36.06860953,24.87474691
3,Jack's Magical Beans,01/14/2014 08:15:16,36.06834871,24.87603546
3,None,01/14/2014 08:21:01,36.05193102,24.87705236
3,Cup o'Joe,01/14/2014 08:21:32,36.05192632,24.87861385
3,Cup o'Joe,01/14/2014 08:22:03,36.05135951,24.87958648
3,GAStect,01/14/2014 08:22:34,36.0498245,24.87957558
3,GAStect,01/14/2014 11:58:01,36.04810911,24.87957519
3,Kalami Kafenion,01/14/2014 13:31:01,36.06582082,24.85246439
3,GAStect,01/14/2014 17:29:01,36.04810834,24.87956538
3,Albert's Fine Clothing,01/14/2014 20:58:01,36.07531774,24.85630164
3,None,01/15/2014 07:21:01,36.08665988,24.85762104
3,None,01/15/2014 07:23:22,36.08314256,24.85383187
3,Bean There Done That,01/15/2014 07:23:54,36.08281932,24.85259063
3,Bean There Done That,01/15/2014 07:24:28,36.08272322,24.85097073
3,Bean There Done That,01/15/2014 08:05:02,36.0817219,24.85096717
3,None,01/15/2014 08:06:41,36.08077195,24.85491694
3,None,01/15/2014 08:07:48,36.07935602,24.85695832
3,None,01/15/2014 08:08:22,36.07936919,24.85866161
3,None,01/15/2014 08:09:26,36.07804082,24.86061698
3,None,01/15/2014 08:09:57,36.07804932,24.86215801
3,None,01/15/2014 08:10:29,36.07800837,24.86372621
3,None,01/15/2014 08:11:31,36.07600498,24.86578497
3,None,01/15/2014 08:12:33,36.07333885,24.86617449
3,None,01/15/2014 08:13:04,36.0724242,24.8668317
3,None,01/15/2014 08:13:37,36.07192933,24.86813072
3,None,01/15/2014 08:14:08,36.07050765,24.86831615
3,None,01/15/2014 08:14:39,36.06964231,24.86903475
3,None,01/15/2014 08:15:10,36.06964835,24.87060509
3,None,01/15/2014 08:15:42,36.06953357,24.8721705
3,None,01/15/2014 08:16:13,36.06936128,24.87370539
3,Jack's Magical Beans,01/15/2014 08:16:44,36.06870241,24.8747481
3,Jack's Magical Beans,01/15/2014 08:17:16,36.06835727,24.8760263
3,None,01/15/2014 08:23:11,36.05194472,24.87754129
3,Cup o'Joe,01/15/2014 08:23:42,36.05195002,24.87909654
3,Cup o'Joe,01/15/2014 08:24:13,36.05086293,24.87958924
3,GAStect,01/15/2014 11:54:01,36.04811474,24.87957685
3,Abila Zacharo,01/15/2014 13:54:01,36.06339963,24.85103863
3,GAStect,01/15/2014 17:55:01,36.04810928,24.87956814
3,None,01/15/2014 18:49:02,36.08653792,24.85761853
3,Hippokampos,01/15/2014 20:17:02,36.07682671,24.85761797
3,None,01/16/2014 07:24:01,36.08667769,24.8576602
3,Bean There Done That,01/16/2014 07:26:44,36.08272952,24.85315531
3,Bean There Done That,01/16/2014 07:27:18,36.08272311,24.85142016
3,Bean There Done That,01/16/2014 08:01:33,36.08181154,24.85254458
3,None,01/16/2014 08:03:45,36.07940198,24.85684892
3,None,01/16/2014 08:05:20,36.07802137,24.86034705
3,None,01/16/2014 08:05:52,36.0780359,24.86193168
3,None,01/16/2014 08:06:24,36.07806758,24.86349494
3,None,01/16/2014 08:06:56,36.07679481,24.86431419
3,None,01/16/2014 08:07:27,36.07614823,24.86571649
3,None,01/16/2014 08:07:58,36.07467088,24.86573774
3,None,01/16/2014 08:08:31,36.07334268,24.86608889
3,None,01/16/2014 08:09:02,36.07244436,24.86672023
3,None,01/16/2014 08:09:33,36.07215053,24.86809298
3,None,01/16/2014 08:10:37,36.06963214,24.86895886
3,None,01/16/2014 08:11:08,36.06962791,24.87050595
3,None,01/16/2014 08:11:39,36.0695488,24.87203601
3,None,01/16/2014 08:12:10,36.06939259,24.87355042
3,Jack's Magical Beans,01/16/2014 08:12:41,36.06883801,24.87471406
3,Jack's Magical Beans,01/16/2014 08:13:12,36.06834231,24.87583271
3,None,01/16/2014 08:13:43,36.06722621,24.87634526
3,None,01/16/2014 08:18:58,36.05193301,24.8769162
3,Cup o'Joe,01/16/2014 08:19:29,36.0519337,24.87844091
3,Cup o'Joe,01/16/2014 08:20:00,36.05153113,24.87958724
3,GAStect,01/16/2014 12:13:01,36.0481103,24.87957138
3,Kalami Kafenion,01/16/2014 13:52:01,36.06583001,24.85245423
3,None,01/16/2014 18:37:01,36.0865603,24.85761536
3,Hippokampos,01/16/2014 20:18:03,36.0769064,24.85762361
3,None,01/17/2014 07:01:01,36.08670035,24.85762164
3,None,01/17/2014 07:01:32,36.08614258,24.85640846
3,None,01/17/2014 07:02:10,36.0854957,24.85510429
3,Bean There Done That,01/17/2014 07:03:48,36.08275257,24.85288691
3,Bean There Done That,01/17/2014 07:48:01,36.08175862,24.85099848
3,None,01/17/2014 07:49:39,36.08081389,24.85489369
3,None,01/17/2014 07:50:41,36.07937987,24.85664139
3,None,01/17/2014 07:52:15,36.07807625,24.86009034
3,None,01/17/2014 07:52:47,36.0780631,24.86165917
3,None,01/17/2014 07:53:19,36.07802453,24.86324878
3,None,01/17/2014 07:53:50,36.07703616,24.86410099
3,None,01/17/2014 07:54:21,36.07627175,24.86543284
3,None,01/17/2014 07:54:52,36.07496355,24.86575491
3,None,01/17/2014 07:55:55,36.07272514,24.86667087
3,None,01/17/2014 07:56:27,36.07233435,24.86798523
3,None,01/17/2014 07:56:59,36.07084323,24.86817513
3,None,01/17/2014 07:57:31,36.06963202,24.86864464
3,None,01/17/2014 07:58:02,36.06962573,24.87019809
3,None,01/17/2014 07:58:33,36.0695974,24.87174672
3,None,01/17/2014 07:59:04,36.06939597,24.873284
3,None,01/17/2014 07:59:35,36.0691093,24.87471212
3,Jack's Magical Beans,01/17/2014 08:00:08,36.06837738,24.87564357
3,Cup o'Joe,01/17/2014 08:06:26,36.05195013,24.87829003
3,Cup o'Joe,01/17/2014 08:06:57,36.05167461,24.87957987
3,GAStect,01/17/2014 12:15:01,36.04811399,24.87956509
3,GAStect,01/17/2014 17:57:02,36.04820019,24.87957344
3,None,01/17/2014 19:46:01,36.08658848,24.85762405
3,Hippokampos,01/17/2014 21:59:01,36.07672412,24.85757972
3,None,01/18/2014 18:00:01,36.0867203,24.85764149
3,Kalami Kafenion,01/18/2014 19:44:01,36.06591271,24.85239055
3,None,01/19/2014 18:21:01,36.08662758,24.8575765
3,Hippokampos,01/19/2014 19:47:01,36.07674826,24.85763554
26,None,01/06/2014 07:20:36,36.06820824,24.88429057
26,None,01/06/2014 07:21:41,36.06652097,24.88580457
26,Hallowed Grounds,01/06/2014 07:38:02,36.06355824,24.88593784
26,None,01/06/2014 07:39:08,36.06156502,24.88431817
26,None,01/06/2014 07:40:10,36.06021285,24.88245325
26,None,01/06/2014 07:42:47,36.0528135,24.8820225
26,None,01/06/2014 07:43:18,36.05206067,24.88100175
26,Cup o'Joe,01/06/2014 07:43:50,36.0518758,24.87956498
26,GAStect,01/06/2014 12:00:01,36.04811321,24.87957122
26,None,01/06/2014 19:29:01,36.07284521,24.88401763
26,Frydos Autosupply n' More,01/06/2014 21:33:03,36.05510072,24.90152961
26,None,01/07/2014 07:30:01,36.07301365,24.88400716
26,None,01/07/2014 07:32:44,36.06634892,24.88596824
26,Hallowed Grounds,01/07/2014 07:48:01,36.06371437,24.88587371
26,None,01/07/2014 07:50:10,36.06019907,24.88249
26,None,01/07/2014 07:52:53,36.05276755,24.88172095
26,Cup o'Joe,01/07/2014 07:53:25,36.05194079,24.88076991
26,Cup o'Joe,01/07/2014 07:53:57,36.05151659,24.87958021
26,GAStect,01/07/2014 07:54:28,36.04997999,24.87957794
26,GAStect,01/07/2014 12:03:01,36.04810932,24.87956517
26,Gelatogalore,01/07/2014 13:37:02,36.05953732,24.85805494
26,GAStect,01/07/2014 17:40:01,36.04811063,24.8795725
26,None,01/07/2014 19:22:01,36.07291038,24.88400272
26,Katerina's Cafe,01/07/2014 21:27:02,36.05458321,24.89972696
26,None,01/08/2014 07:02:01,36.07292145,24.88400391
26,None,01/08/2014 07:04:43,36.06649063,24.88588877
26,Hallowed Grounds,01/08/2014 07:40:04,36.06350383,24.88590313
26,None,01/08/2014 07:41:07,36.06158042,24.88442032
26,None,01/08/2014 07:41:40,36.06075281,24.88355564
26,None,01/08/2014 07:42:13,36.06005038,24.88243638
26,None,01/08/2014 07:44:51,36.05280789,24.88183211
26,None,01/08/2014 07:45:22,36.05193586,24.88091094
26,Cup o'Joe,01/08/2014 07:45:53,36.05173981,24.87956946
26,GAStect,01/08/2014 12:08:01,36.04811728,24.8795699
26,Katerina's Cafe,01/08/2014 13:42:02,36.05429388,24.89983296
26,GAStect,01/08/2014 17:48:01,36.04811385,24.87956786
26,None,01/08/2014 18:58:01,36.07291601,24.88397621
26,Katerina's Cafe,01/08/2014 20:10:02,36.0545465,24.89972095
26,None,01/09/2014 07:11:02,36.07282546,24.88398442
26,None,01/09/2014 07:13:41,36.06646342,24.8858481
26,Hallowed Grounds,01/09/2014 07:44:02,36.06352443,24.88593209
26,None,01/09/2014 07:45:06,36.06155013,24.88447867
26,None,01/09/2014 07:45:37,36.06070877,24.88371987
26,None,01/09/2014 07:46:08,36.06032904,24.88246502
26,Abila Hospital,01/09/2014 07:47:43,36.0555853,24.8825105
26,None,01/09/2014 07:48:45,36.05282897,24.88213213
26,None,01/09/2014 07:49:16,36.05215081,24.8810249
26,Cup o'Joe,01/09/2014 07:49:47,36.05192991,24.87967074
26,GAStect,01/09/2014 07:50:18,36.05048134,24.87958626
26,GAStect,01/09/2014 12:01:02,36.04819588,24.87956755
26,Hippokampos,01/09/2014 13:58:01,36.07666222,24.85765753
26,GAStect,01/09/2014 17:31:01,36.04810871,24.87956798
26,None,01/09/2014 19:19:02,36.07277674,24.88405525
26,Katerina's Cafe,01/09/2014 21:24:01,36.05445141,24.89985803
26,None,01/10/2014 07:14:04,36.07278265,24.88407501
26,None,01/10/2014 07:16:43,36.06645293,24.88588464
26,Hallowed Grounds,01/10/2014 07:52:01,36.06364092,24.88594335
26,None,01/10/2014 07:53:04,36.06160157,24.88455694
26,None,01/10/2014 07:53:38,36.06070063,24.88364773
26,None,01/10/2014 07:54:09,36.06027616,24.88244972
26,None,01/10/2014 07:56:46,36.05279217,24.88209883
26,None,01/10/2014 07:57:17,36.05211492,24.88102973
26,Cup o'Joe,01/10/2014 07:57:48,36.05194939,24.87963405
26,GAStect,01/10/2014 11:56:02,36.04820809,24.87956638
26,Abila Zacharo,01/10/2014 13:40:01,36.06337976,24.85096473
26,GAStect,01/10/2014 17:30:01,36.04811687,24.87957436
26,None,01/10/2014 20:02:01,36.07291937,24.88405319
26,None,01/11/2014 00:22:01,36.08542135,24.86053551
26,None,01/11/2014 12:48:01,36.07301287,24.88404869
26,Abila Zacharo,01/11/2014 13:33:02,36.06326381,24.85104224
26,Roberts and Sons,01/11/2014 16:07:02,36.06308944,24.85229316
26,None,01/11/2014 18:14:05,36.07253995,24.88406183
26,Katerina's Cafe,01/11/2014 19:53:01,36.05447054,24.89979829
26,None,01/12/2014 12:50:01,36.07297708,24.88403312
26,Ouzeri Elian,01/12/2014 13:32:03,36.05196471,24.87108309
26,Shoppers' Delight,01/12/2014 15:14:01,36.05282221,24.86867696
26,None,01/13/2014 07:14:01,36.07295951,24.88399509
26,None,01/13/2014 07:16:43,36.06641652,24.8859266
26,Hallowed Grounds,01/13/2014 07:48:02,36.06360763,24.88587746
26,None,01/13/2014 07:52:51,36.05280287,24.88184797
26,None,01/13/2014 07:53:22,36.05192983,24.88091729
26,Cup o'Joe,01/13/2014 07:53:53,36.05171658,24.87959511
26,GAStect,01/13/2014 12:12:01,36.04811821,24.87957276
26,None,01/13/2014 19:23:01,36.07286415,24.88398911
26,Katerina's Cafe,01/13/2014 20:35:01,36.054485,24.89989026
26,None,01/14/2014 07:11:01,36.07299435,24.88396447
26,None,01/14/2014 07:13:50,36.06607179,24.8859437
26,Hallowed Grounds,01/14/2014 07:46:02,36.06353879,24.88594865
26,None,01/14/2014 07:47:37,36.06073869,24.88367067
26,None,01/14/2014 07:48:09,36.06027631,24.88249183
26,None,01/14/2014 07:50:47,36.0527883,24.88203558
26,None,01/14/2014 07:51:18,36.05205134,24.88102051
26,Cup o'Joe,01/14/2014 07:51:49,36.05191818,24.87958146
26,GAStect,01/14/2014 12:20:01,36.04811556,24.87957441
26,Abila Zacharo,01/14/2014 13:38:01,36.06337492,24.8510299
26,GAStect,01/14/2014 17:32:01,36.04811519,24.87957523
26,None,01/15/2014 07:39:01,36.07290387,24.88404656
26,None,01/15/2014 07:41:18,36.06649687,24.884739
26,None,01/15/2014 07:41:49,36.06618387,24.88595844
26,Hallowed Grounds,01/15/2014 08:01:01,36.0635736,24.88592387
26,None,01/15/2014 08:02:05,36.06157808,24.88448107
26,None,01/15/2014 08:02:40,36.06071322,24.88357571
26,None,01/15/2014 08:05:51,36.05278508,24.88183045
26,None,01/15/2014 08:06:23,36.05193751,24.88085739
26,Cup o'Joe,01/15/2014 08:06:54,36.05168835,24.87959285
26,GAStect,01/15/2014 12:00:01,36.04811874,24.87956717
26,Katerina's Cafe,01/15/2014 14:02:01,36.05435539,24.89983173
26,GAStect,01/15/2014 17:43:01,36.04811803,24.87957524
26,None,01/15/2014 18:43:01,36.07287361,24.88401205
26,Katerina's Cafe,01/15/2014 20:31:03,36.05450542,24.89972979
26,None,01/16/2014 07:23:01,36.07295233,24.88397123
26,Hallowed Grounds,01/16/2014 07:52:03,36.06349839,24.88591566
26,None,01/16/2014 07:53:06,36.06155248,24.88444309
26,None,01/16/2014 07:54:11,36.06017374,24.88247245
26,None,01/16/2014 07:56:48,36.05278351,24.88198374
26,None,01/16/2014 07:57:19,36.05202026,24.88101129
26,Cup o'Joe,01/16/2014 07:57:50,36.05186293,24.87958664
26,GAStect,01/16/2014 11:58:01,36.04811719,24.87957504
26,Hippokampos,01/16/2014 14:02:01,36.07665034,24.85767759
26,GAStect,01/16/2014 17:52:01,36.04811427,24.87957404
26,None,01/17/2014 07:02:04,36.07277657,24.88401454
26,None,01/17/2014 07:04:51,36.06606548,24.88596998
26,Hallowed Grounds,01/17/2014 07:33:01,36.06366079,24.88589621
26,None,01/17/2014 07:34:04,36.06159451,24.88456655
26,None,01/17/2014 07:34:36,36.06076004,24.88375607
26,None,01/17/2014 07:35:07,36.06034176,24.88250844
26,None,01/17/2014 07:37:48,36.05280773,24.88198593
26,None,01/17/2014 07:38:19,36.05200826,24.88100854
26,Cup o'Joe,01/17/2014 07:38:50,36.05187647,24.87959008
26,GAStect,01/17/2014 07:39:52,36.04878152,24.87956593
26,GAStect,01/17/2014 12:15:01,36.04811668,24.87957668
26,GAStect,01/17/2014 17:33:01,36.04810818,24.87956747
26,None,01/17/2014 19:03:01,36.07284084,24.8840497
26,Katerina's Cafe,01/17/2014 20:10:03,36.05460873,24.89963471
26,Katerina's Cafe,01/18/2014 19:57:02,36.05453984,24.8997132
26,None,01/19/2014 12:32:01,36.07293615,24.88404141
26,Katerina's Cafe,01/19/2014 14:06:01,36.05448113,24.89986
1,Hallowed Grounds,01/06/2014 07:57:04,36.06343313,24.88593122
1,None,01/06/2014 07:58:14,36.06158884,24.88404307
1,None,01/06/2014 08:02:05,36.0526805,24.88115754
1,Cup o'Joe,01/06/2014 08:02:36,36.05193604,24.88022313
1,Cup o'Joe,01/06/2014 08:03:08,36.05096491,24.8795753
1,GAStect,01/06/2014 12:17:01,36.04802488,24.87957162
1,Albert's Fine Clothing,01/06/2014 20:27:01,36.07529304,24.85626837
1,None,01/06/2014 22:11:01,36.06639537,24.88260862
1,GAStect,01/07/2014 01:10:01,36.0480284,24.8795682
1,None,01/07/2014 07:20:01,36.06649001,24.88260233
1,Hallowed Grounds,01/07/2014 07:21:42,36.06463525,24.88590021
1,Hallowed Grounds,01/07/2014 07:56:01,36.06363765,24.88589522
1,None,01/07/2014 07:57:06,36.06157658,24.88445
1,None,01/07/2014 07:57:37,36.06077183,24.88369405
1,None,01/07/2014 07:58:08,36.06033065,24.88247755
1,None,01/07/2014 08:00:47,36.0528081,24.88203271
1,None,01/07/2014 08:01:18,36.0520627,24.88102299
1,Cup o'Joe,01/07/2014 08:01:49,36.05193681,24.87957288
1,GAStect,01/07/2014 12:09:01,36.0481118,24.87957121
1,Gelatogalore,01/07/2014 13:43:01,36.05967123,24.85800353
1,None,01/07/2014 18:51:01,36.06645728,24.88256472
1,Ouzeri Elian,01/07/2014 20:42:01,36.05193481,24.87089262
1,None,01/08/2014 07:47:01,36.0664288,24.88265237
1,None,01/08/2014 07:48:12,36.06554031,24.88534902
1,Hallowed Grounds,01/08/2014 07:48:47,36.06438617,24.88588957
1,Hallowed Grounds,01/08/2014 08:00:01,36.06359812,24.88586616
1,None,01/08/2014 08:01:04,36.06153949,24.88452515
1,None,01/08/2014 08:01:35,36.06074815,24.88383332
1,None,01/08/2014 08:04:48,36.05281786,24.88200098
1,None,01/08/2014 08:05:19,36.05203034,24.88100868
1,Cup o'Joe,01/08/2014 08:05:50,36.05186112,24.87957193
1,GAStect,01/08/2014 08:06:21,36.05032821,24.87958622
1,GAStect,01/08/2014 12:08:01,36.04811357,24.87957302
1,Hippokampos,01/08/2014 13:48:02,36.07665304,24.85775016
1,Ouzeri Elian,01/08/2014 21:22:01,36.05192928,24.8708942
1,None,01/09/2014 07:21:01,36.06647053,24.88256875
1,None,01/09/2014 07:22:06,36.06554283,24.88496971
1,Hallowed Grounds,01/09/2014 07:51:02,36.06353208,24.8859145
1,None,01/09/2014 07:53:12,36.06009178,24.88248849
1,None,01/09/2014 07:55:49,36.05279412,24.8819496
1,None,01/09/2014 07:56:20,36.05197448,24.88099062
1,Cup o'Joe,01/09/2014 07:56:51,36.05182791,24.8795898
1,GAStect,01/09/2014 07:57:54,36.04867125,24.87957372
1,GAStect,01/09/2014 12:09:01,36.0481193,24.87957461
1,Abila Zacharo,01/09/2014 13:45:01,36.06336584,24.85101478
1,GAStect,01/09/2014 17:48:01,36.04811458,24.87956511
1,None,01/10/2014 07:50:04,36.06628382,24.88260906
1,Hallowed Grounds,01/10/2014 07:51:11,36.06553119,24.88523172
1,Hallowed Grounds,01/10/2014 08:08:04,36.06343791,24.88588374
1,None,01/10/2014 08:09:07,36.06155981,24.88444035
1,None,01/10/2014 08:10:11,36.06018104,24.8824379
1,None,01/10/2014 08:13:18,36.05206051,24.88101421
1,Cup o'Joe,01/10/2014 08:13:51,36.05181763,24.8795698
1,GAStect,01/10/2014 08:14:22,36.05028575,24.87958095
1,GAStect,01/10/2014 12:21:01,36.04811704,24.87956642
1,None,01/10/2014 19:10:01,36.06650569,24.88256615
1,None,01/10/2014 23:32:01,36.08544951,24.86040478
1,None,01/11/2014 12:40:02,36.0664205,24.88245769
1,Hippokampos,01/11/2014 13:41:01,36.07653946,24.85761696
1,Albert's Fine Clothing,01/11/2014 15:36:01,36.07527025,24.85637896
1,None,01/11/2014 18:42:01,36.0664905,24.8826232
1,Shoppers' Delight,01/11/2014 19:47:02,36.05288395,24.86880279
1,None,01/12/2014 12:45:02,36.06650967,24.88239532
1,Hippokampos,01/12/2014 14:11:03,36.07664914,24.85786373
1,None,01/13/2014 07:36:01,36.06641679,24.88265483
1,None,01/13/2014 07:37:04,36.06557367,24.88495085
1,Hallowed Grounds,01/13/2014 07:37:36,36.06497132,24.88591177
1,Hallowed Grounds,01/13/2014 08:11:01,36.06365287,24.88592706
1,None,01/13/2014 08:13:08,36.06030863,24.88247469
1,None,01/13/2014 08:15:45,36.05281257,24.88213139
1,None,01/13/2014 08:16:16,36.05216609,24.88104438
1,Cup o'Joe,01/13/2014 08:16:47,36.05193248,24.87966224
1,GAStect,01/13/2014 08:17:18,36.05047042,24.87959008
1,GAStect,01/13/2014 08:17:50,36.04887518,24.87957859
1,GAStect,01/13/2014 12:15:01,36.0481171,24.87956759
1,GAStect,01/13/2014 17:30:01,36.04810974,24.87957048
1,None,01/13/2014 18:45:02,36.06644063,24.88243997
1,Ouzeri Elian,01/13/2014 19:56:02,36.05196507,24.87094742
1,None,01/14/2014 07:25:05,36.06561717,24.88500401
1,Hallowed Grounds,01/14/2014 07:25:39,36.06479762,24.88594878
1,Hallowed Grounds,01/14/2014 08:04:02,36.06358809,24.88589158
1,None,01/14/2014 08:06:08,36.06030703,24.88246455
1,None,01/14/2014 08:08:46,36.0528172,24.88209824
1,None,01/14/2014 08:09:18,36.05207483,24.88100914
1,Cup o'Joe,01/14/2014 08:09:49,36.05191952,24.87956934
1,GAStect,01/14/2014 12:07:01,36.04811789,24.87957178
1,Kalami Kafenion,01/14/2014 13:22:01,36.06581657,24.85247278
1,GAStect,01/14/2014 17:42:01,36.04811637,24.87956657
1,Ouzeri Elian,01/14/2014 21:15:05,36.05195312,24.87123158
1,None,01/15/2014 07:33:02,36.06637338,24.88256742
1,None,01/15/2014 07:33:33,36.06556752,24.88337274
1,None,01/15/2014 07:34:04,36.06560781,24.88493618
1,Hallowed Grounds,01/15/2014 07:59:01,36.06363602,24.88588939
1,None,01/15/2014 08:00:04,36.06157197,24.88453875
1,None,01/15/2014 08:00:35,36.06073265,24.88382724
1,None,01/15/2014 08:01:07,36.06037201,24.88247803
1,None,01/15/2014 08:03:45,36.05280633,24.88212386
1,None,01/15/2014 08:04:16,36.05216033,24.88104823
1,Cup o'Joe,01/15/2014 08:04:47,36.05193217,24.879674
1,GAStect,01/15/2014 08:05:20,36.05037812,24.87958541
1,GAStect,01/15/2014 12:07:01,36.04810994,24.87956949
1,None,01/15/2014 19:44:02,36.06646306,24.88241706
1,Ouzeri Elian,01/15/2014 20:40:01,36.05196321,24.87079022
1,None,01/15/2014 22:33:01,36.06645743,24.8826365
1,GAStect,01/16/2014 00:09:01,36.0481141,24.87956636
1,None,01/16/2014 07:48:01,36.06646523,24.88259993
1,None,01/16/2014 07:49:08,36.06561637,24.88510984
1,Hallowed Grounds,01/16/2014 07:49:45,36.06457037,24.88589792
1,Hallowed Grounds,01/16/2014 08:10:01,36.06358762,24.88593058
1,None,01/16/2014 08:11:05,36.0615699,24.8845303
1,None,01/16/2014 08:12:10,36.06024715,24.8824624
1,None,01/16/2014 08:15:17,36.05211286,24.88103622
1,Cup o'Joe,01/16/2014 08:15:48,36.05192595,24.87962956
1,GAStect,01/16/2014 08:16:19,36.05041948,24.87958229
1,GAStect,01/16/2014 12:23:01,36.04811237,24.87956802
1,GAStect,01/16/2014 17:25:01,36.04811384,24.87957028
1,None,01/16/2014 18:54:01,36.06646184,24.88257284
1,None,01/17/2014 07:45:04,36.06626329,24.8826115
1,None,01/17/2014 07:46:14,36.06555655,24.88539542
1,Hallowed Grounds,01/17/2014 08:05:01,36.06362081,24.88587806
1,None,01/17/2014 08:06:39,36.06073325,24.88357372
1,None,01/17/2014 08:07:12,36.06013774,24.88249298
1,None,01/17/2014 08:09:50,36.05279875,24.88188705
1,None,01/17/2014 08:10:22,36.05193959,24.88091283
1,Cup o'Joe,01/17/2014 08:10:53,36.0517138,24.8795899
1,GAStect,01/17/2014 17:52:01,36.04811292,24.87957553
1,None,01/17/2014 19:35:02,36.06643015,24.8824521
1,Ouzeri Elian,01/17/2014 20:31:05,36.05190684,24.87124293
1,None,01/18/2014 12:48:01,36.06642518,24.88260002
1,Abila Zacharo,01/18/2014 13:36:02,36.06347839,24.85079593
1,Kronos Mart,01/18/2014 15:58:02,36.06587612,24.84997923
1,None,01/18/2014 18:25:02,36.06648419,24.88246972
1,Ouzeri Elian,01/18/2014 19:31:01,36.05196154,24.87089034
1,None,01/19/2014 18:26:01,36.06642639,24.88259258
1,Ouzeri Elian,01/19/2014 19:52:01,36.05195434,24.87090793
29,None,01/06/2014 07:22:51,36.05685184,24.89300992
29,Coffee Cameleon,01/06/2014 07:23:26,36.05540625,24.89218171
29,Coffee Cameleon,01/06/2014 07:24:28,36.05468882,24.88976734
29,Coffee Cameleon,01/06/2014 07:56:07,36.05469336,24.88971938
29,None,01/06/2014 07:56:39,36.05468998,24.88812926
29,None,01/06/2014 07:57:10,36.05444933,24.88678552
29,None,01/06/2014 07:58:14,36.05274139,24.88517599
29,None,01/06/2014 07:58:46,36.05278549,24.88360167
29,None,01/06/2014 07:59:17,36.05280571,24.88205142
29,None,01/06/2014 07:59:48,36.05207419,24.88100743
29,Cup o'Joe,01/06/2014 08:00:19,36.05192752,24.87957515
29,GAStect,01/06/2014 08:00:50,36.050406,24.87957361
29,GAStect,01/06/2014 12:38:22,36.04811263,24.87956854
29,None,01/06/2014 19:21:47,36.05944057,24.89488808
29,Coffee Cameleon,01/07/2014 07:32:37,36.05465735,24.89120937
29,Coffee Cameleon,01/07/2014 07:51:47,36.05468469,24.88979106
29,None,01/07/2014 07:52:18,36.05469494,24.88818712
29,None,01/07/2014 07:52:50,36.05445957,24.88679434
29,None,01/07/2014 07:53:55,36.05274893,24.88512734
29,None,01/07/2014 07:54:26,36.05275073,24.88361698
29,None,01/07/2014 07:54:57,36.05281408,24.88204559
29,None,01/07/2014 07:55:28,36.05208978,24.88100271
29,Cup o'Joe,01/07/2014 07:55:59,36.05193707,24.87958572
29,GAStect,01/07/2014 12:30:21,36.04811381,24.87957427
29,Gelatogalore,01/07/2014 14:02:06,36.05967743,24.85797376
29,None,01/08/2014 07:36:34,36.05938916,24.89474369
29,Coffee Cameleon,01/08/2014 07:56:04,36.05467255,24.88982813
29,None,01/08/2014 07:56:38,36.05469683,24.88805921
29,None,01/08/2014 07:57:11,36.05423974,24.88677273
29,None,01/08/2014 07:58:15,36.05276259,24.88501878
29,None,01/08/2014 07:58:46,36.05275846,24.88347094
29,None,01/08/2014 07:59:18,36.0527754,24.8818365
29,None,01/08/2014 07:59:49,36.05193299,24.88092323
29,Cup o'Joe,01/08/2014 08:00:20,36.05175049,24.87956521
29,GAStect,01/08/2014 12:21:47,36.04811732,24.8795761
29,Kalami Kafenion,01/08/2014 13:31:52,36.06582161,24.85245133
29,GAStect,01/08/2014 17:25:38,36.04811616,24.87957118
29,Katerina's Cafe,01/08/2014 20:46:55,36.05447075,24.89993701
29,None,01/09/2014 07:03:21,36.05951958,24.89482086
29,Coffee Cameleon,01/09/2014 07:05:36,36.05463353,24.89099989
29,Coffee Cameleon,01/09/2014 07:48:46,36.05463269,24.88977516
29,None,01/09/2014 07:49:17,36.05468339,24.88818897
29,None,01/09/2014 07:49:48,36.05451585,24.88678833
29,None,01/09/2014 07:50:51,36.05276292,24.88530064
29,None,01/09/2014 07:51:24,36.05275574,24.88366615
29,None,01/09/2014 07:51:55,36.05282181,24.8821112
29,None,01/09/2014 07:52:26,36.05213018,24.88102178
29,Cup o'Joe,01/09/2014 07:52:57,36.05192698,24.87963845
29,GAStect,01/09/2014 12:43:04,36.04811905,24.8795735
29,Guy's Gyros,01/09/2014 14:16:21,36.05568021,24.90242418
29,Katerina's Cafe,01/09/2014 19:35:35,36.05446066,24.8999191
29,None,01/10/2014 07:03:34,36.05937041,24.89474473
29,Coffee Cameleon,01/10/2014 07:06:13,36.05463724,24.88978233
29,Coffee Cameleon,01/10/2014 07:48:19,36.05463257,24.8896727
29,None,01/10/2014 07:48:50,36.05463698,24.88818791
29,None,01/10/2014 07:49:22,36.05443784,24.88681105
29,None,01/10/2014 07:50:24,36.05272723,24.88522433
29,None,01/10/2014 07:50:55,36.05274405,24.88368975
29,None,01/10/2014 07:51:26,36.05282236,24.88216694
29,None,01/10/2014 07:51:57,36.05217275,24.88103558
29,Cup o'Joe,01/10/2014 07:52:28,36.05194207,24.87969989
29,GAStect,01/10/2014 07:52:59,36.05050674,24.87958666
29,GAStect,01/10/2014 12:40:49,36.04811863,24.87957642
29,Gelatogalore,01/10/2014 14:01:29,36.05956752,24.85801107
29,GAStect,01/10/2014 17:12:16,36.04811996,24.87957532
29,Katerina's Cafe,01/10/2014 20:05:38,36.05455816,24.89994074
29,None,01/11/2014 18:36:58,36.05943211,24.89496846
29,Frydos Autosupply n' More,01/11/2014 20:24:55,36.05500583,24.90188061
29,None,01/11/2014 22:11:01,36.05947107,24.89483008
29,Guy's Gyros,01/11/2014 22:21:01,36.05576783,24.90251296
29,Ouzeri Elian,01/11/2014 22:34:03,36.05194052,24.87106477
29,Kalami Kafenion,01/11/2014 22:55:01,36.06590902,24.85237624
29,Hippokampos,01/11/2014 23:21:01,36.07668793,24.85772838
29,U-Pump,01/11/2014 23:55:01,36.06772939,24.87155432
29,None,01/12/2014 12:51:37,36.05931139,24.89522004
29,Katerina's Cafe,01/12/2014 13:26:38,36.05420417,24.89972747
29,Shoppers' Delight,01/12/2014 16:11:28,36.05282377,24.86861172
29,None,01/12/2014 18:43:39,36.05944062,24.89484142
29,Katerina's Cafe,01/12/2014 20:14:28,36.05458206,24.90003957
29,None,01/13/2014 07:05:25,36.0593518,24.8947405
29,Coffee Cameleon,01/13/2014 07:07:05,36.05525619,24.89224139
29,Coffee Cameleon,01/13/2014 07:41:17,36.05467952,24.88969655
29,None,01/13/2014 07:41:48,36.05464504,24.88816026
29,None,01/13/2014 07:42:19,36.05448814,24.88681623
29,None,01/13/2014 07:43:22,36.05273602,24.88523259
29,None,01/13/2014 07:43:53,36.05277719,24.88369356
29,None,01/13/2014 07:44:25,36.0528061,24.88209905
29,None,01/13/2014 07:44:56,36.05214819,24.88104076
29,Cup o'Joe,01/13/2014 07:45:27,36.05193006,24.87963588
29,GAStect,01/13/2014 07:45:58,36.05044651,24.87957855
29,GAStect,01/13/2014 12:42:02,36.04811378,24.87957053
29,Katerina's Cafe,01/13/2014 13:55:25,36.05447364,24.89995338
29,GAStect,01/13/2014 17:13:02,36.04810917,24.87957609
29,Katerina's Cafe,01/13/2014 19:55:48,36.05471656,24.90016475
29,None,01/14/2014 07:15:56,36.05942099,24.8948264
29,None,01/14/2014 07:17:01,36.05678312,24.89296189
29,Coffee Cameleon,01/14/2014 07:18:04,36.05466036,24.89136247
29,Coffee Cameleon,01/14/2014 07:18:36,36.0546562,24.88981509
29,Coffee Cameleon,01/14/2014 07:37:45,36.05469537,24.88944488
29,None,01/14/2014 07:38:21,36.05470071,24.8876565
29,None,01/14/2014 07:38:53,36.0538937,24.8867985
29,None,01/14/2014 07:39:55,36.05276474,24.88476629
29,None,01/14/2014 07:40:26,36.05279362,24.88319601
29,None,01/14/2014 07:40:57,36.0527645,24.88165953
29,Cup o'Joe,01/14/2014 07:41:28,36.0519405,24.88072682
29,Cup o'Joe,01/14/2014 07:41:59,36.05153801,24.87958148
29,GAStect,01/14/2014 12:32:12,36.04811255,24.87957175
29,Katerina's Cafe,01/14/2014 13:46:20,36.05431098,24.89978198
29,GAStect,01/14/2014 17:36:35,36.04810959,24.87956541
29,Katerina's Cafe,01/14/2014 20:24:11,36.05450419,24.89989949
29,None,01/15/2014 07:31:38,36.05938015,24.89468155
29,None,01/15/2014 07:32:42,36.05674528,24.89285996
29,Coffee Cameleon,01/15/2014 07:33:15,36.05532676,24.89217484
29,Coffee Cameleon,01/15/2014 07:33:47,36.05467884,24.89121962
29,Coffee Cameleon,01/15/2014 07:54:57,36.05465306,24.88977072
29,None,01/15/2014 07:55:28,36.05468992,24.88820224
29,None,01/15/2014 07:55:59,36.05450556,24.88680772
29,None,01/15/2014 07:57:02,36.0527492,24.88528287
29,None,01/15/2014 07:57:33,36.05273703,24.88373963
29,None,01/15/2014 07:58:06,36.05281834,24.88210946
29,None,01/15/2014 07:58:37,36.05213095,24.88103372
29,Cup o'Joe,01/15/2014 07:59:08,36.05194388,24.87964596
29,GAStect,01/15/2014 07:59:40,36.05040245,24.8795791
29,GAStect,01/15/2014 12:41:50,36.04811186,24.87956955
29,Abila Zacharo,01/15/2014 14:00:19,36.06348776,24.85101314
29,GAStect,01/15/2014 17:37:58,36.04811773,24.87957324
29,Katerina's Cafe,01/15/2014 21:24:02,36.05446872,24.89988654
29,None,01/16/2014 07:15:35,36.05945692,24.89478038
29,Coffee Cameleon,01/16/2014 07:39:51,36.05463274,24.88982189
29,None,01/16/2014 07:40:23,36.05468127,24.88812185
29,None,01/16/2014 07:40:58,36.05427021,24.88677354
29,None,01/16/2014 07:42:00,36.05273953,24.88511617
29,None,01/16/2014 07:42:31,36.05276567,24.88353944
29,None,01/16/2014 07:43:02,36.05281557,24.88198623
29,None,01/16/2014 07:43:33,36.05203765,24.88100473
29,Cup o'Joe,01/16/2014 07:44:04,36.05188733,24.8795747
29,GAStect,01/16/2014 12:25:12,36.04811363,24.87957406
29,Abila Zacharo,01/16/2014 13:30:34,36.06320435,24.8510304
29,GAStect,01/16/2014 17:39:44,36.0481131,24.87956694
29,Katerina's Cafe,01/16/2014 19:52:42,36.05458417,24.8999883
29,None,01/17/2014 07:25:08,36.0593875,24.89471038
29,Coffee Cameleon,01/17/2014 07:42:21,36.05468078,24.88982719
29,None,01/17/2014 07:42:53,36.0546679,24.88816506
29,None,01/17/2014 07:43:25,36.05440188,24.88677033
29,None,01/17/2014 07:44:27,36.05272142,24.88522455
29,None,01/17/2014 07:44:58,36.05278032,24.8836826
29,None,01/17/2014 07:45:29,36.05282413,24.88215804
29,None,01/17/2014 07:46:00,36.05217526,24.88104669
29,Cup o'Joe,01/17/2014 07:46:32,36.051935,24.87963817
29,GAStect,01/17/2014 12:32:24,36.04811431,24.87956766
29,Katerina's Cafe,01/17/2014 13:43:03,36.0543016,24.89985078
29,GAStect,01/17/2014 17:27:10,36.04811651,24.87956869
29,Ouzeri Elian,01/18/2014 13:35:49,36.05191785,24.87112714
29,General Grocer,01/18/2014 15:39:47,36.06038723,24.85682526
29,None,01/18/2014 18:43:35,36.05941828,24.89509183
21,Frydos Autosupply n' More,01/06/2014 07:26:12,36.05498256,24.90191716
21,Brew've Been Served,01/06/2014 07:55:01,36.05404008,24.90118359
21,GAStect,01/06/2014 07:59:47,36.04922554,24.87956992
21,GAStect,01/06/2014 12:23:01,36.04811589,24.87956664
21,Abila Zacharo,01/06/2014 13:55:01,36.06338594,24.85099731
21,GAStect,01/06/2014 17:43:01,36.04811478,24.87956973
21,None,01/06/2014 19:29:01,36.0633799,24.89613474
21,Katerina's Cafe,01/06/2014 20:33:06,36.05493459,24.90018153
21,None,01/07/2014 07:44:01,36.06028291,24.90563073
21,Frydos Autosupply n' More,01/07/2014 07:46:14,36.05488942,24.90175137
21,Brew've Been Served,01/07/2014 08:09:01,36.05409348,24.90113908
21,GAStect,01/07/2014 08:13:48,36.04916691,24.87957252
21,GAStect,01/07/2014 12:11:01,36.04811603,24.87957023
21,Gelatogalore,01/07/2014 13:44:03,36.05954645,24.85800947
21,Katerina's Cafe,01/07/2014 21:08:05,36.05488985,24.90019924
21,None,01/08/2014 07:35:03,36.06027408,24.90552375
21,Guy's Gyros,01/08/2014 07:36:46,36.05599179,24.90268808
21,Brew've Been Served,01/08/2014 07:52:03,36.05390887,24.90108804
21,GAStect,01/08/2014 07:56:50,36.0490709,24.87957192
21,GAStect,01/08/2014 11:07:01,36.04811416,24.87957399
21,None,01/08/2014 12:22:02,36.05039582,24.90034973
21,Gelatogalore,01/08/2014 13:29:01,36.05965529,24.85799417
21,GAStect,01/08/2014 17:22:01,36.04811273,24.87957269
21,None,01/09/2014 07:41:01,36.06336681,24.89614463
21,None,01/09/2014 07:42:09,36.06318486,24.89329693
21,None,01/09/2014 07:42:42,36.06322826,24.89176343
21,None,01/09/2014 07:43:14,36.06314079,24.89017829
21,None,01/09/2014 07:43:46,36.06316152,24.88857566
21,Hallowed Grounds,01/09/2014 08:00:01,36.06357335,24.88590258
21,None,01/09/2014 08:01:05,36.06153316,24.88452126
21,None,01/09/2014 08:02:07,36.06040433,24.88247588
21,None,01/09/2014 08:04:43,36.05283755,24.8822184
21,None,01/09/2014 08:05:14,36.05226746,24.88107624
21,Cup o'Joe,01/09/2014 08:05:45,36.05192691,24.87978104
21,GAStect,01/09/2014 08:06:16,36.05058202,24.87958106
21,GAStect,01/09/2014 11:16:02,36.04820065,24.87957289
21,None,01/09/2014 12:24:01,36.08065906,24.84681621
21,Gelatogalore,01/09/2014 13:46:01,36.0597027,24.85799792
21,GAStect,01/09/2014 17:42:01,36.04811909,24.87956794
21,None,01/09/2014 18:36:01,36.0633437,24.89625938
21,Katerina's Cafe,01/09/2014 20:21:01,36.05452587,24.8999016
21,None,01/10/2014 07:24:01,36.0603222,24.90569116
21,Frydos Autosupply n' More,01/10/2014 07:26:11,36.05504414,24.90186893
21,Brew've Been Served,01/10/2014 07:53:02,36.05397645,24.90112183
21,GAStect,01/10/2014 07:57:45,36.04922564,24.87965497
21,GAStect,01/10/2014 11:23:01,36.04810893,24.87956959
21,None,01/10/2014 12:12:01,36.06323426,24.90014795
21,Ouzeri Elian,01/10/2014 13:50:01,36.05192997,24.87085855
21,None,01/10/2014 19:04:01,36.06333277,24.89617069
21,Katerina's Cafe,01/10/2014 20:09:03,36.05473845,24.90006488
21,None,01/11/2014 03:20:33,36.06087751,24.90408848
21,None,01/11/2014 03:21:05,36.06134484,24.90251233
21,None,01/11/2014 03:21:44,36.06184403,24.90064196
21,None,01/11/2014 03:22:21,36.06249145,24.89893609
21,None,01/11/2014 03:22:56,36.0629916,24.89729808
21,Ahaggo Museum,01/11/2014 03:29:57,36.07526053,24.87981121
21,Ahaggo Museum,01/11/2014 03:30:29,36.07520024,24.87816151
21,Ahaggo Museum,01/11/2014 03:31:00,36.07523752,24.87660863
21,None,01/11/2014 03:31:31,36.07522223,24.87506614
21,None,01/11/2014 11:02:01,36.07622955,24.87468478
21,None,01/11/2014 18:46:01,36.05027868,24.90039567
21,Katerina's Cafe,01/11/2014 20:19:02,36.05457489,24.90002108
21,None,01/12/2014 18:46:01,36.06335814,24.8961315
21,Katerina's Cafe,01/12/2014 20:14:01,36.05450483,24.8998723
21,None,01/13/2014 07:11:04,36.06326442,24.89600642
21,None,01/13/2014 07:12:08,36.06317901,24.89329099
21,None,01/13/2014 07:13:10,36.06317126,24.890406
21,None,01/13/2014 07:13:42,36.06320652,24.88881377
21,Hallowed Grounds,01/13/2014 07:46:03,36.0634993,24.88593856
21,None,01/13/2014 07:48:11,36.06016674,24.88244937
21,None,01/13/2014 07:50:48,36.05280135,24.8819801
21,None,01/13/2014 07:51:20,36.05196415,24.88098562
21,Cup o'Joe,01/13/2014 07:51:52,36.05177837,24.87958741
21,GAStect,01/13/2014 12:17:01,36.04811261,24.87956544
21,Katerina's Cafe,01/13/2014 13:40:01,36.05436534,24.89988371
21,GAStect,01/13/2014 17:35:01,36.04811905,24.87957572
21,None,01/13/2014 19:28:03,36.06327119,24.89641654
21,Katerina's Cafe,01/13/2014 21:25:01,36.05459293,24.89994997
21,None,01/13/2014 23:00:01,36.06037738,24.90559325
21,None,01/14/2014 03:30:01,36.07822157,24.87207808
21,None,01/14/2014 03:30:32,36.07735039,24.87149244
21,None,01/14/2014 03:31:04,36.07712038,24.87286206
21,None,01/14/2014 03:31:35,36.07614958,24.87351011
21,None,01/14/2014 03:32:06,36.0758806,24.87470494
21,Ahaggo Museum,01/14/2014 03:32:38,36.07526071,24.87567189
21,Ahaggo Museum,01/14/2014 03:33:10,36.07515866,24.87726575
21,Ahaggo Museum,01/14/2014 03:33:41,36.07518775,24.8788075
21,None,01/14/2014 03:34:12,36.07516254,24.8803788
21,None,01/14/2014 03:34:43,36.07418511,24.88119031
21,None,01/14/2014 03:40:35,36.06406594,24.8968623
21,None,01/14/2014 03:42:50,36.06138975,24.90241378
21,None,01/14/2014 03:43:27,36.06083315,24.90413837
21,None,01/14/2014 07:11:01,36.06044342,24.9056294
21,Brew've Been Served,01/14/2014 07:51:02,36.05404252,24.90120767
21,GAStect,01/14/2014 07:55:48,36.04917042,24.87957017
21,GAStect,01/14/2014 12:12:01,36.048113,24.87957284
21,Abila Zacharo,01/14/2014 13:37:01,36.06335095,24.85101422
21,GAStect,01/14/2014 17:33:01,36.04811324,24.87957026
21,None,01/14/2014 19:16:01,36.06325647,24.89602283
21,Roberts and Sons,01/14/2014 21:17:01,36.0632673,24.85231264
21,None,01/15/2014 07:23:01,36.06036707,24.9056273
21,Brew've Been Served,01/15/2014 07:51:01,36.05404836,24.90125432
21,GAStect,01/15/2014 07:55:46,36.04922019,24.87961671
21,GAStect,01/15/2014 11:05:01,36.04811805,24.87957304
21,None,01/15/2014 12:25:01,36.05897634,24.89280233
21,Hippokampos,01/15/2014 13:43:04,36.0766389,24.85791868
21,None,01/16/2014 07:48:03,36.06331585,24.89599111
21,None,01/16/2014 07:49:12,36.06324671,24.89314706
21,None,01/16/2014 07:50:22,36.06312881,24.88981422
21,Hallowed Grounds,01/16/2014 07:51:27,36.06368314,24.88682136
21,Hallowed Grounds,01/16/2014 08:03:06,36.06333728,24.8858981
21,None,01/16/2014 08:04:08,36.0615874,24.88431548
21,None,01/16/2014 08:04:40,36.0607345,24.88355908
21,None,01/16/2014 08:05:12,36.0601093,24.88246919
21,None,01/16/2014 08:07:47,36.05279726,24.88203956
21,None,01/16/2014 08:08:18,36.05207895,24.88100791
21,Cup o'Joe,01/16/2014 08:08:49,36.05193301,24.87956761
21,GAStect,01/16/2014 08:09:51,36.0488261,24.87957047
21,GAStect,01/16/2014 11:15:01,36.04811689,24.87956883
21,Gelatogalore,01/16/2014 13:41:03,36.05949146,24.85798266
21,None,01/16/2014 18:43:01,36.06339002,24.89618657
21,Katerina's Cafe,01/16/2014 20:31:01,36.05455371,24.8999679
21,None,01/17/2014 07:49:01,36.06028145,24.90559367
21,Brew've Been Served,01/17/2014 08:08:01,36.05407049,24.90115235
21,GAStect,01/17/2014 08:12:48,36.04917575,24.87957385
21,GAStect,01/17/2014 11:12:01,36.04811519,24.87957676
21,Kalami Kafenion,01/17/2014 13:44:01,36.06581883,24.85247628
21,GAStect,01/17/2014 17:38:01,36.04811813,24.87956553
21,None,01/17/2014 19:14:01,36.06331636,24.89617377
21,Katerina's Cafe,01/17/2014 21:17:01,36.05456701,24.8999777
21,None,01/18/2014 18:35:01,36.06037294,24.90560978
21,Katerina's Cafe,01/18/2014 20:08:02,36.05464491,24.90006489
21,None,01/19/2014 18:36:01,36.06330891,24.89622527
21,Frydos Autosupply n' More,01/19/2014 19:46:01,36.05495937,24.90176798
14,None,01/06/2014 07:27:08,36.06320422,24.8933361
14,None,01/06/2014 07:28:14,36.06315397,24.89021336
14,Hallowed Grounds,01/06/2014 07:29:18,36.06361091,24.88719483
14,Hallowed Grounds,01/06/2014 08:06:02,36.06353215,24.88588257
14,None,01/06/2014 08:07:06,36.06159235,24.88444823
14,None,01/06/2014 08:08:12,36.06011549,24.88247324
14,None,01/06/2014 08:10:50,36.05278955,24.88189026
14,None,01/06/2014 08:11:21,36.05194273,24.88095871
14,Cup o'Joe,01/06/2014 08:11:53,36.05173453,24.87958412
14,GAStect,01/06/2014 12:24:01,36.04811706,24.87956955
14,Katerina's Cafe,01/06/2014 13:58:01,36.0544555,24.89991003
14,GAStect,01/06/2014 17:32:01,36.04811141,24.87957488
14,None,01/06/2014 19:01:03,36.06333111,24.89633484
14,Katerina's Cafe,01/06/2014 20:13:04,36.05480386,24.9001151
14,None,01/07/2014 07:01:01,36.06337244,24.8961727
14,None,01/07/2014 07:01:35,36.06265766,24.89481943
14,None,01/07/2014 07:02:06,36.06317723,24.89347387
14,None,01/07/2014 07:02:40,36.06315789,24.89188027
14,None,01/07/2014 07:03:13,36.06313731,24.89023713
14,Hallowed Grounds,01/07/2014 07:04:17,36.06358365,24.8872759
14,Hallowed Grounds,01/07/2014 07:43:02,36.06357551,24.88590403
14,None,01/07/2014 07:44:05,36.06158203,24.8844684
14,None,01/07/2014 07:45:07,36.06037786,24.88246809
14,None,01/07/2014 07:47:46,36.05281489,24.88208584
14,None,01/07/2014 07:48:18,36.05207694,24.88100914
14,Cup o'Joe,01/07/2014 07:48:49,36.05193465,24.87958224
14,GAStect,01/07/2014 12:12:01,36.04811047,24.87957276
14,Gelatogalore,01/07/2014 14:00:02,36.05963815,24.85805481
14,GAStect,01/07/2014 17:40:01,36.04811214,24.87957582
14,Katerina's Cafe,01/07/2014 20:17:01,36.05460548,24.89993671
14,None,01/08/2014 07:12:01,36.06338968,24.89610456
14,None,01/08/2014 07:13:05,36.06317219,24.89350471
14,None,01/08/2014 07:13:36,36.06327352,24.89205211
14,None,01/08/2014 07:14:07,36.06315634,24.89051782
14,None,01/08/2014 07:14:40,36.06321541,24.88892614
14,Hallowed Grounds,01/08/2014 07:15:12,36.06355305,24.88748229
14,Hallowed Grounds,01/08/2014 07:48:03,36.06348365,24.88594064
14,None,01/08/2014 07:49:09,36.06157507,24.88434298
14,None,01/08/2014 07:50:12,36.06013116,24.88246792
14,None,01/08/2014 07:52:50,36.05277738,24.88187633
14,None,01/08/2014 07:53:22,36.051943,24.8809275
14,Cup o'Joe,01/08/2014 07:53:53,36.05173087,24.87958552
14,GAStect,01/08/2014 12:25:01,36.0481105,24.87956671
14,None,01/08/2014 19:47:02,36.06333376,24.89627137
14,Katerina's Cafe,01/08/2014 21:17:01,36.05443268,24.89990732
14,None,01/09/2014 07:17:01,36.06339197,24.89615217
14,None,01/09/2014 07:18:05,36.06313575,24.89349627
14,None,01/09/2014 07:19:14,36.06314443,24.89021713
14,Hallowed Grounds,01/09/2014 07:20:18,36.06362058,24.88725923
14,Hallowed Grounds,01/09/2014 07:59:01,36.063633,24.88590559
14,None,01/09/2014 08:00:04,36.06157393,24.88452482
14,None,01/09/2014 08:00:36,36.06070887,24.8837238
14,None,01/09/2014 08:01:07,36.06037663,24.88249373
14,None,01/09/2014 08:03:44,36.05282707,24.88217863
14,None,01/09/2014 08:04:15,36.0522286,24.88103578
14,Cup o'Joe,01/09/2014 08:04:46,36.05193418,24.87970844
14,GAStect,01/09/2014 08:05:17,36.0505306,24.87956995
14,GAStect,01/09/2014 12:00:01,36.04811128,24.87956914
14,Abila Zacharo,01/09/2014 13:50:01,36.06335066,24.85097777
14,GAStect,01/09/2014 17:34:01,36.04811922,24.87957097
14,None,01/10/2014 07:09:07,36.06317261,24.89336419
14,None,01/10/2014 07:09:40,36.06318223,24.89189281
14,None,01/10/2014 07:10:11,36.06320024,24.89030373
14,None,01/10/2014 07:10:43,36.06319487,24.88871272
14,Hallowed Grounds,01/10/2014 07:11:18,36.06358496,24.88723093
14,Hallowed Grounds,01/10/2014 07:44:01,36.06363682,24.88589843
14,None,01/10/2014 07:48:48,36.05278966,24.88200179
14,None,01/10/2014 07:49:19,36.05201521,24.88099164
14,Cup o'Joe,01/10/2014 07:49:50,36.05186245,24.87956959
14,GAStect,01/10/2014 07:50:52,36.04877666,24.87957089
14,GAStect,01/10/2014 12:19:01,36.04811454,24.8795741
14,Abila Zacharo,01/10/2014 14:08:01,36.06335336,24.85101318
14,GAStect,01/10/2014 17:49:01,36.04811946,24.87957153
14,None,01/10/2014 18:50:01,36.06337687,24.8960188
14,None,01/10/2014 23:30:01,36.08548404,24.86046223
14,None,01/11/2014 18:51:01,36.06329751,24.89623207
14,Katerina's Cafe,01/11/2014 20:54:02,36.05457608,24.90004248
14,None,01/12/2014 12:30:01,36.06343537,24.89613024
14,Hippokampos,01/12/2014 14:07:04,36.07666831,24.85793434
14,None,01/12/2014 18:24:02,36.06332704,24.89634841
14,Katerina's Cafe,01/12/2014 20:53:01,36.0545416,24.89995004
14,None,01/13/2014 07:05:01,36.06340586,24.89609462
14,Ahaggo Museum,01/13/2014 07:12:02,36.07521239,24.87850796
14,Ahaggo Museum,01/13/2014 07:12:33,36.07519732,24.8769898
14,Ahaggo Museum,01/13/2014 07:13:04,36.0752259,24.87542652
14,None,01/13/2014 07:13:35,36.07524603,24.87388603
14,None,01/13/2014 07:14:07,36.07523435,24.87227383
14,None,01/13/2014 07:14:39,36.07522634,24.87069509
14,None,01/13/2014 07:15:10,36.07522225,24.86913891
14,None,01/13/2014 07:15:41,36.07523038,24.86758886
14,None,01/13/2014 07:16:12,36.07523979,24.86606179
14,None,01/13/2014 07:16:43,36.0762931,24.86546012
14,None,01/13/2014 07:17:14,36.07702614,24.86410238
14,None,01/13/2014 07:17:46,36.07802336,24.8631999
14,None,01/13/2014 07:18:18,36.07807124,24.861647
14,None,01/13/2014 07:18:49,36.07804039,24.8600669
14,None,01/13/2014 07:19:20,36.07865544,24.85908308
14,None,01/13/2014 07:19:51,36.07936536,24.85819562
14,None,01/13/2014 07:20:55,36.07941106,24.85498467
14,Bean There Done That,01/13/2014 07:22:04,36.08090759,24.85298601
14,Bean There Done That,01/13/2014 07:52:04,36.08173109,24.85107408
14,Bean There Done That,01/13/2014 07:52:37,36.08182936,24.85276837
14,None,01/13/2014 07:53:42,36.08067345,24.85493678
14,None,01/13/2014 07:54:44,36.07939513,24.85673165
14,None,01/13/2014 07:55:51,36.07826167,24.85912071
14,None,01/13/2014 07:56:22,36.07802818,24.86042928
14,None,01/13/2014 07:56:54,36.07803055,24.86199818
14,None,01/13/2014 07:57:25,36.07802919,24.86356766
14,None,01/13/2014 07:57:56,36.07681291,24.86430517
14,None,01/13/2014 07:58:28,36.07614086,24.86577719
14,None,01/13/2014 07:59:30,36.07333883,24.86602933
14,None,01/13/2014 08:00:01,36.07242071,24.86668862
14,None,01/13/2014 08:00:33,36.07214072,24.86809225
14,None,01/13/2014 08:01:36,36.06965159,24.86888301
14,None,01/13/2014 08:02:08,36.06965166,24.87050348
14,None,01/13/2014 08:02:39,36.06955251,24.87205415
14,None,01/13/2014 08:03:10,36.06939771,24.87358332
14,Jack's Magical Beans,01/13/2014 08:03:41,36.06883023,24.87475766
14,Jack's Magical Beans,01/13/2014 08:04:14,36.06835857,24.87594381
14,None,01/13/2014 08:10:00,36.05195377,24.87699474
14,Cup o'Joe,01/13/2014 08:10:31,36.05192813,24.87854923
14,Cup o'Joe,01/13/2014 08:11:02,36.05143442,24.87957511
14,GAStect,01/13/2014 12:25:01,36.0481156,24.87957605
14,Katerina's Cafe,01/13/2014 13:43:03,36.05427522,24.89970857
14,GAStect,01/13/2014 17:48:01,36.04811624,24.87957659
14,None,01/13/2014 19:00:02,36.06335805,24.89632141
14,Katerina's Cafe,01/13/2014 21:04:01,36.05442405,24.89996475
14,None,01/14/2014 07:43:01,36.06337848,24.89617856
14,None,01/14/2014 07:45:13,36.06312319,24.89024562
14,None,01/14/2014 07:45:45,36.06321847,24.88864824
14,Hallowed Grounds,01/14/2014 07:57:02,36.06359159,24.88589091
14,None,01/14/2014 07:58:07,36.0615878,24.88438341
14,None,01/14/2014 08:01:50,36.05278611,24.88189697
14,None,01/14/2014 08:02:21,36.05192316,24.88096616
14,Cup o'Joe,01/14/2014 08:02:53,36.05171859,24.87957255
14,GAStect,01/14/2014 08:03:24,36.05018266,24.87957971
14,GAStect,01/14/2014 12:05:01,36.04810879,24.87957254
14,GAStect,01/14/2014 17:41:01,36.04811156,24.87957121
14,None,01/14/2014 19:14:01,36.06339035,24.89617095
14,Katerina's Cafe,01/14/2014 20:30:02,36.05460033,24.90000523
14,None,01/15/2014 07:41:01,36.06332717,24.89609042
14,None,01/15/2014 07:42:10,36.0606349,24.89393987
14,None,01/15/2014 07:44:16,36.05852445,24.8892657
14,None,01/15/2014 07:45:53,36.05593666,24.88687857
14,None,01/15/2014 07:47:28,36.05276198,24.88516319
14,None,01/15/2014 07:48:00,36.05276001,24.88354854
14,None,01/15/2014 07:48:32,36.05279493,24.88194718
14,None,01/15/2014 07:49:03,36.05199516,24.880981
14,Cup o'Joe,01/15/2014 07:49:34,36.05183609,24.87958856
14,GAStect,01/15/2014 12:03:01,36.04811293,24.87957024
14,Kalami Kafenion,01/15/2014 13:42:01,36.06581779,24.85245878
14,GAStect,01/15/2014 17:48:01,36.04811443,24.87956986
14,None,01/15/2014 18:49:04,36.06331308,24.89644218
14,Frydos Autosupply n' More,01/15/2014 20:37:05,36.05509477,24.90139352
14,None,01/16/2014 07:13:01,36.06328296,24.89603691
14,None,01/16/2014 07:14:36,36.06325914,24.89198216
14,None,01/16/2014 07:15:40,36.06314645,24.88893025
14,Hallowed Grounds,01/16/2014 07:16:42,36.06370824,24.88602848
14,Hallowed Grounds,01/16/2014 07:55:01,36.06365892,24.88589251
14,None,01/16/2014 07:56:05,36.06154568,24.88449233
14,None,01/16/2014 07:59:48,36.05280605,24.88198899
14,None,01/16/2014 08:00:21,36.05193576,24.88097669
14,Cup o'Joe,01/16/2014 08:00:52,36.05176505,24.8795812
14,GAStect,01/16/2014 12:17:01,36.04811388,24.87957608
14,None,01/16/2014 19:01:01,36.06334166,24.89624307
14,Frydos Autosupply n' More,01/16/2014 19:46:04,36.05506854,24.90150933
14,None,01/17/2014 07:28:01,36.06333797,24.89610161
14,None,01/17/2014 07:29:04,36.06316103,24.89355838
14,None,01/17/2014 07:30:13,36.06321536,24.89020259
14,Hallowed Grounds,01/17/2014 08:00:01,36.0636432,24.88591162
14,None,01/17/2014 08:01:06,36.06152304,24.88443089
14,None,01/17/2014 08:02:11,36.06014757,24.8824849
14,None,01/17/2014 08:04:47,36.05282197,24.88204658
14,None,01/17/2014 08:05:18,36.05206224,24.88100813
14,Cup o'Joe,01/17/2014 08:05:50,36.0518702,24.87956838
14,GAStect,01/17/2014 11:56:01,36.04811597,24.8795758
14,Kalami Kafenion,01/17/2014 13:59:02,36.0658076,24.85254695
14,GAStect,01/17/2014 17:40:01,36.04811097,24.87956803
14,None,01/18/2014 12:38:01,36.06335747,24.89620626
14,Guy's Gyros,01/18/2014 13:31:02,36.05563179,24.9023527
14,Frydos Autosupply n' More,01/18/2014 15:36:04,36.05506978,24.90143471
14,None,01/18/2014 18:21:01,36.06336371,24.89614837
14,Katerina's Cafe,01/18/2014 19:37:01,36.05460455,24.9000072
14,None,01/19/2014 18:25:06,36.06322635,24.89658513
14,Katerina's Cafe,01/19/2014 20:06:05,36.0548059,24.90019319
33,None,01/06/2014 07:27:42,36.0597151,24.90012965
33,None,01/06/2014 07:28:48,36.05817796,24.90187253
33,None,01/06/2014 07:29:21,36.05709464,24.90166264
33,Katerina's Cafe,01/06/2014 07:30:26,36.05442614,24.90003415
33,Brew've Been Served,01/06/2014 07:46:01,36.05400338,24.90117832
33,None,01/06/2014 07:46:34,36.05262796,24.90026392
33,GAStect,01/06/2014 07:50:43,36.04921928,24.87976352
33,GAStect,01/06/2014 11:47:01,36.04811039,24.87956881
33,None,01/07/2014 07:41:02,36.06241628,24.89874525
33,None,01/07/2014 07:42:43,36.05970578,24.90008878
33,Brew've Been Served,01/07/2014 07:59:04,36.05397756,24.90105964
33,GAStect,01/07/2014 08:03:51,36.04901542,24.87956852
33,GAStect,01/07/2014 12:17:01,36.04810856,24.87956837
33,Abila Zacharo,01/07/2014 13:42:01,36.06336982,24.85099554
33,GAStect,01/07/2014 17:19:01,36.0481161,24.87957416
33,None,01/07/2014 18:47:03,36.06229807,24.89864686
33,None,01/08/2014 07:34:02,36.06241191,24.89875895
33,None,01/08/2014 07:34:33,36.06144405,24.89888408
33,None,01/08/2014 07:35:06,36.06045323,24.89900371
33,None,01/08/2014 07:36:11,36.05878093,24.90010565
33,None,01/08/2014 07:37:13,36.05743775,24.90185717
33,Brew've Been Served,01/08/2014 07:38:53,36.05405793,24.90125747
33,Brew've Been Served,01/08/2014 07:49:03,36.05395881,24.90117245
33,GAStect,01/08/2014 07:53:50,36.04907077,24.87956909
33,GAStect,01/08/2014 11:02:01,36.04811366,24.87956715
33,Chostus Hotel,01/08/2014 13:21:01,36.07064719,24.89520564
33,GAStect,01/08/2014 17:22:01,36.04811719,24.8795714
33,None,01/08/2014 19:10:03,36.06233007,24.89862712
33,Guy's Gyros,01/08/2014 20:24:01,36.05577092,24.90248143
33,None,01/09/2014 07:05:01,36.06245206,24.89880153
33,None,01/09/2014 07:06:37,36.05992588,24.90020409
33,None,01/09/2014 07:08:24,36.05696925,24.90153926
33,Katerina's Cafe,01/09/2014 07:09:33,36.0543671,24.90031342
33,Brew've Been Served,01/09/2014 07:46:07,36.05375672,24.90096231
33,GAStect,01/09/2014 07:50:54,36.04886802,24.87957724
33,GAStect,01/09/2014 12:14:01,36.04811052,24.87957149
33,Hippokampos,01/09/2014 13:40:01,36.0766518,24.85765478
33,None,01/10/2014 07:12:01,36.0623925,24.89875246
33,None,01/10/2014 07:13:08,36.0604165,24.89890404
33,None,01/10/2014 07:14:47,36.05820426,24.90183735
33,None,01/10/2014 07:15:20,36.05708845,24.90172925
33,Brew've Been Served,01/10/2014 07:55:03,36.05395343,24.90113746
33,GAStect,01/10/2014 07:59:47,36.04922595,24.87957385
33,GAStect,01/10/2014 11:15:01,36.04811865,24.87956597
33,GAStect,01/10/2014 17:15:01,36.04802909,24.87956561
33,None,01/10/2014 19:20:01,36.06255546,24.89868193
33,None,01/10/2014 23:37:01,36.08550148,24.86051293
33,Ahaggo Museum,01/11/2014 18:25:01,36.07704649,24.87620742
33,None,01/12/2014 12:32:02,36.06236113,24.89872289
33,None,01/13/2014 07:15:32,36.0615486,24.89882866
33,None,01/13/2014 07:17:10,36.05877582,24.90014739
33,None,01/13/2014 07:17:41,36.05836441,24.90152705
33,None,01/13/2014 07:18:14,36.05734528,24.901897
33,Katerina's Cafe,01/13/2014 07:19:17,36.05473545,24.90015426
33,Brew've Been Served,01/13/2014 07:44:01,36.05398955,24.90117536
33,GAStect,01/13/2014 07:48:51,36.04902677,24.87957952
33,GAStect,01/13/2014 12:02:01,36.04811433,24.87957577
33,Abila Zacharo,01/13/2014 13:29:02,36.06326985,24.85103141
33,GAStect,01/13/2014 17:29:01,36.04811878,24.87957565
33,None,01/13/2014 19:17:01,36.06244462,24.8987319
33,Guy's Gyros,01/13/2014 20:44:01,36.05574689,24.9025571
33,None,01/14/2014 07:24:01,36.0624298,24.89878909
33,None,01/14/2014 07:24:38,36.06137067,24.89911762
33,None,01/14/2014 07:25:09,36.06042745,24.89896067
33,None,01/14/2014 07:26:42,36.05831715,24.90159869
33,Brew've Been Served,01/14/2014 07:28:51,36.05404836,24.90125562
33,Brew've Been Served,01/14/2014 07:43:02,36.05402771,24.90120406
33,GAStect,01/14/2014 07:47:48,36.04916312,24.87957451
33,GAStect,01/14/2014 11:01:01,36.04810992,24.87957204
33,Chostus Hotel,01/14/2014 13:32:10,36.06978401,24.89524631
33,None,01/15/2014 07:20:01,36.0624359,24.89883095
33,None,01/15/2014 07:21:09,36.06040726,24.89893762
33,None,01/15/2014 07:21:40,36.05983785,24.90014298
33,None,01/15/2014 07:22:13,36.05874242,24.90029902
33,Katerina's Cafe,01/15/2014 07:24:33,36.0543265,24.90040011
33,Brew've Been Served,01/15/2014 07:45:02,36.0540258,24.90111237
33,GAStect,01/15/2014 07:49:45,36.04922757,24.87965373
33,GAStect,01/15/2014 11:49:02,36.04820447,24.87956735
33,Hippokampos,01/15/2014 13:20:01,36.07669125,24.85768338
33,None,01/15/2014 19:07:03,36.0622148,24.8986428
33,Frydos Autosupply n' More,01/15/2014 20:08:01,36.05495758,24.901685
33,None,01/16/2014 07:34:03,36.06238484,24.89869044
33,None,01/16/2014 07:35:42,36.05973162,24.90003378
33,Brew've Been Served,01/16/2014 08:04:03,36.0539497,24.90117762
33,GAStect,01/16/2014 08:08:48,36.04917305,24.87957032
33,GAStect,01/16/2014 11:57:01,36.04810968,24.87957311
33,Katerina's Cafe,01/16/2014 13:24:47,36.05436953,24.89992231
33,GAStect,01/16/2014 17:33:01,36.04810939,24.87957656
33,None,01/16/2014 18:48:01,36.06242139,24.89882105
33,Guy's Gyros,01/16/2014 20:15:02,36.0559147,24.90261712
33,None,01/17/2014 07:36:01,36.06248397,24.89881421
33,None,01/17/2014 07:37:38,36.05991091,24.90017143
33,None,01/17/2014 07:38:40,36.05834893,24.90154452
33,None,01/17/2014 07:39:13,36.05747395,24.9019406
33,Brew've Been Served,01/17/2014 07:40:53,36.05408833,24.90125464
33,Brew've Been Served,01/17/2014 08:06:02,36.05397398,24.9011288
33,GAStect,01/17/2014 08:10:47,36.04922474,24.8795766
33,GAStect,01/17/2014 11:15:01,36.04811576,24.87956962
33,Chostus Hotel,01/17/2014 14:02:05,36.07022866,24.89516174
33,GAStect,01/17/2014 17:41:01,36.0481162,24.87957637
33,None,01/17/2014 19:31:01,36.06239162,24.8987746
33,Guy's Gyros,01/17/2014 21:01:07,36.05634993,24.902781
33,None,01/19/2014 17:50:01,36.06250141,24.89880839
33,Guy's Gyros,01/19/2014 20:18:01,36.05572241,24.90257526
13,Brew've Been Served,01/06/2014 08:03:01,36.05398425,24.90124401
13,GAStect,01/06/2014 08:07:48,36.04916425,24.87957636
13,GAStect,01/06/2014 12:09:01,36.04811809,24.87956594
13,Octavio's Office Supplies,01/06/2014 14:11:10,36.05890922,24.85800505
13,GAStect,01/06/2014 17:40:01,36.04811666,24.8795677
13,None,01/07/2014 07:37:33,36.05899996,24.90468113
13,Frydos Autosupply n' More,01/07/2014 07:39:10,36.05504892,24.90189382
13,Brew've Been Served,01/07/2014 08:11:01,36.05406612,24.90120427
13,None,01/07/2014 08:11:40,36.05233279,24.90018787
13,GAStect,01/07/2014 08:15:52,36.04897534,24.87957299
13,GAStect,01/07/2014 11:43:01,36.04811128,24.87956942
13,None,01/07/2014 12:18:01,36.06323357,24.90017336
13,Abila Zacharo,01/07/2014 13:59:01,36.06333949,24.85102049
13,GAStect,01/07/2014 17:29:01,36.04810899,24.87956658
13,Guy's Gyros,01/07/2014 19:50:04,36.05613224,24.90268158
13,Brew've Been Served,01/08/2014 08:05:01,36.05402665,24.90118303
13,GAStect,01/08/2014 08:09:47,36.04921481,24.87958068
13,GAStect,01/08/2014 12:04:01,36.04811442,24.87957475
13,GAStect,01/08/2014 17:27:01,36.04811067,24.87957621
13,Brew've Been Served,01/09/2014 08:02:02,36.05394421,24.90112136
13,GAStect,01/09/2014 08:06:47,36.04922345,24.87956685
13,GAStect,01/09/2014 11:30:01,36.04811371,24.87957021
13,None,01/09/2014 12:25:01,36.06949467,24.84154116
13,GAStect,01/09/2014 17:20:01,36.04811374,24.87957622
13,None,01/10/2014 07:31:01,36.06040719,24.90555452
13,Brew've Been Served,01/10/2014 08:13:02,36.05400481,24.90121424
13,GAStect,01/10/2014 08:17:43,36.04922632,24.87975673
13,GAStect,01/10/2014 11:21:01,36.04811314,24.87956852
13,None,01/10/2014 12:16:02,36.06319042,24.89989967
13,Abila Zacharo,01/10/2014 14:09:01,36.06340723,24.85097607
13,GAStect,01/10/2014 17:28:01,36.04811488,24.87957204
13,None,01/10/2014 18:48:01,36.06040207,24.90555246
13,Shoppers' Delight,01/10/2014 20:23:01,36.05287175,24.86871085
13,None,01/11/2014 18:28:09,36.06062388,24.90492785
13,Kalami Kafenion,01/11/2014 19:19:01,36.06581913,24.85245296
13,None,01/12/2014 12:39:01,36.06043806,24.90554134
13,Ouzeri Elian,01/12/2014 13:31:01,36.05196787,24.87086202
13,Shoppers' Delight,01/12/2014 15:36:02,36.05283606,24.8687398
13,None,01/13/2014 08:10:01,36.06037772,24.90557452
13,Brew've Been Served,01/13/2014 08:24:01,36.05403428,24.90116994
13,GAStect,01/13/2014 08:28:45,36.04921554,24.87966584
13,GAStect,01/13/2014 11:51:01,36.04811706,24.87956953
13,None,01/13/2014 12:33:02,36.05902858,24.8926584
13,Abila Zacharo,01/13/2014 13:53:01,36.06340597,24.85098763
13,GAStect,01/13/2014 17:48:01,36.04811291,24.87956726
13,None,01/13/2014 19:12:03,36.0601409,24.90545083
13,Frydos Autosupply n' More,01/14/2014 07:35:09,36.0551664,24.90200461
13,Brew've Been Served,01/14/2014 08:05:01,36.05402119,24.90119541
13,GAStect,01/14/2014 08:09:50,36.04907155,24.87957033
13,GAStect,01/14/2014 12:25:01,36.04811283,24.87957337
13,Katerina's Cafe,01/14/2014 14:03:02,36.0543922,24.89979491
13,GAStect,01/14/2014 17:27:01,36.04810854,24.87956816
13,None,01/14/2014 19:15:05,36.06004492,24.90536337
13,None,01/15/2014 07:12:33,36.05900683,24.90475685
13,None,01/15/2014 07:13:04,36.05782775,24.90386273
13,GAStect,01/15/2014 08:03:49,36.04911312,24.8795741
13,GAStect,01/15/2014 11:49:01,36.04810989,24.87957248
13,None,01/15/2014 12:12:02,36.05901291,24.89261862
13,Gelatogalore,01/15/2014 14:07:02,36.05956979,24.85807731
13,GAStect,01/15/2014 17:39:01,36.04811144,24.87957441
13,General Grocer,01/15/2014 19:57:02,36.06033611,24.85673713
13,Brew've Been Served,01/16/2014 08:20:02,36.05405668,24.90122239
13,GAStect,01/16/2014 08:24:44,36.04922201,24.87971304
13,GAStect,01/16/2014 11:30:01,36.04810923,24.87957495
13,None,01/16/2014 12:26:01,36.05025176,24.90043026
13,Guy's Gyros,01/16/2014 13:49:02,36.05563487,24.90246268
13,GAStect,01/16/2014 17:28:01,36.04811192,24.8795654
13,Albert's Fine Clothing,01/16/2014 20:26:02,36.0752675,24.85649082
13,Brew've Been Served,01/17/2014 08:24:01,36.05406352,24.9012245
13,GAStect,01/17/2014 08:28:49,36.04912225,24.87957702
13,GAStect,01/17/2014 11:07:01,36.04811668,24.87956577
13,None,01/17/2014 12:04:03,36.08068848,24.84655348
13,Gelatogalore,01/17/2014 13:59:02,36.05958245,24.85803811
13,None,01/18/2014 11:13:03,36.06052082,24.90534827
13,None,01/18/2014 12:59:01,36.08066306,24.84687855
13,Katerina's Cafe,01/18/2014 14:08:01,36.05456105,24.89995796
13,None,01/18/2014 18:35:03,36.06049502,24.9053211
2,None,01/06/2014 07:30:35,36.08546085,24.85869716
2,None,01/06/2014 07:32:44,36.08369778,24.85400314
2,Bean There Done That,01/06/2014 07:34:18,36.08186489,24.85087819
2,Bean There Done That,01/06/2014 08:11:04,36.08180869,24.85109363
2,Bean There Done That,01/06/2014 08:11:35,36.0817834,24.85261683
2,Bean There Done That,01/06/2014 08:12:06,36.08085724,24.85333066
2,None,01/06/2014 08:12:41,36.08079161,24.85488607
2,None,01/06/2014 08:13:45,36.07938094,24.85682234
2,None,01/06/2014 08:14:17,36.07934296,24.85837106
2,None,01/06/2014 08:15:20,36.07803828,24.86029463
2,None,01/06/2014 08:15:51,36.07804584,24.86183957
2,None,01/06/2014 08:16:22,36.07807123,24.86340132
2,None,01/06/2014 08:16:53,36.0769201,24.86421342
2,None,01/06/2014 08:17:24,36.07620874,24.86559334
2,None,01/06/2014 08:17:56,36.07477685,24.86574403
2,None,01/06/2014 08:18:58,36.07257149,24.86669583
2,None,01/06/2014 08:19:29,36.07232187,24.86808253
2,None,01/06/2014 08:20:00,36.07079662,24.86818428
2,None,01/06/2014 08:20:31,36.06963736,24.86864402
2,None,01/06/2014 08:21:03,36.06962696,24.87026067
2,None,01/06/2014 08:21:34,36.06960106,24.87179162
2,None,01/06/2014 08:22:05,36.06938501,24.87334586
2,None,01/06/2014 08:22:36,36.0690986,24.8746961
2,Jack's Magical Beans,01/06/2014 08:23:09,36.0683465,24.87571999
2,None,01/06/2014 08:23:40,36.06737712,24.87636338
2,None,01/06/2014 08:28:55,36.0519385,24.87673953
2,Cup o'Joe,01/06/2014 08:29:27,36.05194956,24.87834625
2,Cup o'Joe,01/06/2014 08:29:58,36.05161741,24.87958344
2,GAStect,01/06/2014 08:31:00,36.04851898,24.87957069
2,GAStect,01/06/2014 12:17:01,36.04811364,24.87956724
2,Hippokampos,01/06/2014 20:49:01,36.07664622,24.85762992
2,None,01/07/2014 08:03:06,36.0849194,24.85769968
2,None,01/07/2014 08:04:10,36.08422005,24.85506318
2,None,01/07/2014 08:04:48,36.08362336,24.85378558
2,None,01/07/2014 08:19:11,36.08088105,24.85359636
2,None,01/07/2014 08:19:42,36.08065161,24.85493413
2,None,01/07/2014 08:20:45,36.07937461,24.85684249
2,None,01/07/2014 08:21:16,36.07939548,24.85838336
2,None,01/07/2014 08:21:48,36.07841621,24.85908968
2,None,01/07/2014 08:22:21,36.07806845,24.86036407
2,None,01/07/2014 08:22:52,36.07806215,24.86193238
2,None,01/07/2014 08:23:24,36.07805375,24.86348189
2,None,01/07/2014 08:23:56,36.07681989,24.86433908
2,None,01/07/2014 08:24:27,36.07617028,24.86570534
2,None,01/07/2014 08:26:00,36.07249592,24.86669
2,None,01/07/2014 08:26:32,36.0721873,24.86810176
2,None,01/07/2014 08:27:34,36.06963229,24.8688129
2,None,01/07/2014 08:28:05,36.06964741,24.870352
2,None,01/07/2014 08:28:36,36.0695951,24.87187059
2,None,01/07/2014 08:29:08,36.06938114,24.87349171
2,Jack's Magical Beans,01/07/2014 08:29:40,36.06889069,24.8747509
2,Jack's Magical Beans,01/07/2014 08:30:11,36.06834316,24.87581343
2,None,01/07/2014 08:35:31,36.05296011,24.87643377
2,None,01/07/2014 08:36:02,36.05193054,24.87711999
2,Cup o'Joe,01/07/2014 08:36:33,36.05195003,24.87864352
2,Cup o'Joe,01/07/2014 08:37:04,36.05132155,24.8795849
2,GAStect,01/07/2014 08:38:06,36.04822889,24.8795658
2,GAStect,01/07/2014 12:05:01,36.04802358,24.87957499
2,Abila Zacharo,01/07/2014 13:24:01,36.0634004,24.85099997
2,GAStect,01/07/2014 17:31:01,36.04811191,24.87957045
2,Hippokampos,01/07/2014 20:10:01,36.07673712,24.85758269
2,None,01/08/2014 07:43:02,36.08542404,24.86026591
2,None,01/08/2014 07:43:34,36.08552055,24.85872219
2,None,01/08/2014 07:44:39,36.08422866,24.8566318
2,None,01/08/2014 07:45:43,36.08366486,24.85396294
2,Bean There Done That,01/08/2014 07:46:46,36.08276525,24.85169478
2,Bean There Done That,01/08/2014 08:06:01,36.08178412,24.85095347
2,Bean There Done That,01/08/2014 08:06:34,36.08179871,24.85258115
2,None,01/08/2014 08:07:40,36.08078287,24.85493703
2,None,01/08/2014 08:10:25,36.07803062,24.86060154
2,None,01/08/2014 08:10:56,36.07803343,24.86208883
2,None,01/08/2014 08:11:27,36.07806517,24.86366555
2,None,01/08/2014 08:11:59,36.07673015,24.86444617
2,None,01/08/2014 08:12:30,36.07604883,24.86577983
2,None,01/08/2014 08:13:34,36.07332503,24.86623522
2,None,01/08/2014 08:14:05,36.07243342,24.86689229
2,None,01/08/2014 08:14:36,36.07199685,24.86813152
2,None,01/08/2014 08:15:39,36.06965334,24.86905047
2,None,01/08/2014 08:16:10,36.06963898,24.87061116
2,None,01/08/2014 08:16:41,36.06954246,24.87214911
2,None,01/08/2014 08:17:15,36.06935122,24.87383079
2,Jack's Magical Beans,01/08/2014 08:17:46,36.06857497,24.87475183
2,None,01/08/2014 08:18:19,36.06836991,24.876236
2,None,01/08/2014 08:24:09,36.05192324,24.87746516
2,Cup o'Joe,01/08/2014 08:24:40,36.05194518,24.87898303
2,Cup o'Joe,01/08/2014 08:25:11,36.05096297,24.87957153
2,GAStect,01/08/2014 12:01:01,36.04811339,24.87957349
2,Abila Zacharo,01/08/2014 13:43:02,36.06332396,24.85100843
2,GAStect,01/08/2014 17:07:01,36.04811694,24.87957565
2,None,01/08/2014 18:17:01,36.08535768,24.86043255
2,Hippokampos,01/08/2014 19:25:01,36.07662701,24.85761831
2,None,01/09/2014 08:01:03,36.08545403,24.86030894
2,None,01/09/2014 08:01:35,36.08544278,24.8586622
2,None,01/09/2014 08:02:42,36.08429413,24.8564808
2,None,01/09/2014 08:03:19,36.08379826,24.85509313
2,None,01/09/2014 08:03:51,36.08346988,24.85384054
2,Bean There Done That,01/09/2014 08:04:23,36.08279753,24.85290937
2,Bean There Done That,01/09/2014 08:22:02,36.08179247,24.85100564
2,None,01/09/2014 08:24:44,36.07939861,24.85677252
2,None,01/09/2014 08:25:17,36.07936598,24.85836962
2,None,01/09/2014 08:26:50,36.07802284,24.86179207
2,None,01/09/2014 08:27:21,36.0780233,24.86336493
2,None,01/09/2014 08:27:52,36.07696259,24.86418885
2,None,01/09/2014 08:28:23,36.07625445,24.86551727
2,None,01/09/2014 08:29:26,36.07333322,24.86585118
2,None,01/09/2014 08:29:57,36.07263267,24.86668946
2,None,01/09/2014 08:30:28,36.07232928,24.86802354
2,None,01/09/2014 08:30:59,36.07084406,24.86817987
2,None,01/09/2014 08:31:30,36.06964144,24.86861289
2,None,01/09/2014 08:32:01,36.06963002,24.87015375
2,None,01/09/2014 08:32:33,36.06958146,24.87175036
2,None,01/09/2014 08:33:04,36.06942193,24.87328941
2,None,01/09/2014 08:33:35,36.06913053,24.87471654
2,Jack's Magical Beans,01/09/2014 08:34:08,36.06837183,24.87565315
2,None,01/09/2014 08:34:40,36.06737142,24.87631209
2,None,01/09/2014 08:39:58,36.05195493,24.87689685
2,Cup o'Joe,01/09/2014 08:40:30,36.05193258,24.87849352
2,Cup o'Joe,01/09/2014 08:41:02,36.05142496,24.87957193
2,GAStect,01/09/2014 08:42:05,36.04827893,24.87956884
2,GAStect,01/09/2014 12:18:01,36.04812012,24.87957524
2,GAStect,01/09/2014 17:19:01,36.04811031,24.87957013
2,None,01/10/2014 07:42:35,36.08545615,24.85866259
2,None,01/10/2014 07:43:39,36.08425334,24.8565422
2,None,01/10/2014 07:44:11,36.08418607,24.85512733
2,Bean There Done That,01/10/2014 07:45:48,36.08274419,24.85161274
2,Bean There Done That,01/10/2014 08:12:03,36.08179961,24.85106565
2,Bean There Done That,01/10/2014 08:12:34,36.08175105,24.85263141
2,None,01/10/2014 08:13:40,36.08083721,24.8549323
2,None,01/10/2014 08:15:19,36.0793379,24.85847476
2,None,01/10/2014 08:16:22,36.07802908,24.86044289
2,None,01/10/2014 08:16:54,36.07802267,24.86202265
2,None,01/10/2014 08:17:25,36.07803687,24.86356538
2,None,01/10/2014 08:17:56,36.07682773,24.86430344
2,None,01/10/2014 08:18:27,36.07617467,24.86571898
2,None,01/10/2014 08:18:59,36.07462586,24.86573155
2,None,01/10/2014 08:19:30,36.07334553,24.8660464
2,None,01/10/2014 08:20:01,36.07243606,24.8666772
2,None,01/10/2014 08:20:32,36.07218393,24.8680868
2,None,01/10/2014 08:21:35,36.06963268,24.86884284
2,None,01/10/2014 08:22:07,36.06962308,24.87043947
2,None,01/10/2014 08:22:40,36.06955119,24.87209066
2,None,01/10/2014 08:23:12,36.06934471,24.87364996
2,Jack's Magical Beans,01/10/2014 08:23:43,36.06873195,24.87472577
2,Jack's Magical Beans,01/10/2014 08:24:14,36.06837259,24.875927
2,None,01/10/2014 08:24:45,36.06714195,24.87632634
2,None,01/10/2014 08:29:58,36.05193695,24.87691891
2,Cup o'Joe,01/10/2014 08:30:29,36.05194781,24.87845876
2,Cup o'Joe,01/10/2014 08:31:00,36.05151219,24.87957158
2,GAStect,01/10/2014 12:09:01,36.04802665,24.87956898
2,Gelatogalore,01/10/2014 13:44:01,36.05967819,24.85806962
2,GAStect,01/10/2014 17:06:01,36.04811749,24.87956665
2,Hippokampos,01/10/2014 19:50:02,36.07681691,24.85762579
2,None,01/11/2014 18:12:01,36.08533752,24.86039771
2,Hippokampos,01/11/2014 20:29:01,36.07672674,24.85762261
2,None,01/12/2014 18:28:01,36.08542324,24.86041423
2,Hippokampos,01/12/2014 19:30:02,36.07687073,24.85761236
2,None,01/13/2014 07:39:02,36.08546452,24.86033794
2,None,01/13/2014 07:39:34,36.08549978,24.85871794
2,Bean There Done That,01/13/2014 08:02:01,36.08172405,24.85097785
2,None,01/13/2014 08:03:39,36.08084235,24.85488216
2,None,01/13/2014 08:04:41,36.07933292,24.85664412
2,None,01/13/2014 08:05:14,36.07939717,24.85823613
2,None,01/13/2014 08:06:49,36.07808152,24.86177522
2,None,01/13/2014 08:07:20,36.07805673,24.86330781
2,None,01/13/2014 08:07:51,36.07697139,24.86415104
2,None,01/13/2014 08:08:22,36.07625067,24.86547293
2,None,01/13/2014 08:08:53,36.07490277,24.86575414
2,None,01/13/2014 08:09:24,36.07336696,24.86577161
2,None,01/13/2014 08:09:55,36.07273031,24.86666986
2,None,01/13/2014 08:10:26,36.07234399,24.86792407
2,None,01/13/2014 08:10:57,36.07095606,24.86818703
2,None,01/13/2014 08:11:28,36.06971919,24.86860154
2,None,01/13/2014 08:12:00,36.06964821,24.87010201
2,None,01/13/2014 08:12:31,36.06961544,24.87163741
2,None,01/13/2014 08:13:02,36.06943549,24.87318945
2,None,01/13/2014 08:13:34,36.06920074,24.87467629
2,Jack's Magical Beans,01/13/2014 08:14:05,36.06837349,24.87551415
2,Cup o'Joe,01/13/2014 08:20:21,36.05192136,24.87804773
2,Cup o'Joe,01/13/2014 08:20:52,36.05191905,24.87958058
2,GAStect,01/13/2014 11:58:01,36.04811613,24.87957202
2,GAStect,01/13/2014 17:18:01,36.04810904,24.87957232
2,Hippokampos,01/13/2014 20:48:01,36.0767667,24.85759698
2,None,01/14/2014 07:49:01,36.08546565,24.86034942
2,None,01/14/2014 07:49:34,36.0854995,24.85867638
2,None,01/14/2014 07:50:07,36.08487783,24.85767672
2,None,01/14/2014 07:51:11,36.08410984,24.85514674
2,None,01/14/2014 07:51:50,36.08354221,24.85380569
2,Bean There Done That,01/14/2014 07:52:53,36.08279123,24.85142588
2,Bean There Done That,01/14/2014 08:29:01,36.08175006,24.85096487
2,Bean There Done That,01/14/2014 08:29:34,36.08177253,24.85259682
2,Bean There Done That,01/14/2014 08:30:05,36.08091946,24.85329432
2,None,01/14/2014 08:32:17,36.07934336,24.85837983
2,None,01/14/2014 08:32:50,36.07829278,24.85909457
2,None,01/14/2014 08:33:23,36.07805117,24.86044614
2,None,01/14/2014 08:33:54,36.07807817,24.8620269
2,None,01/14/2014 08:34:25,36.07803843,24.86353447
2,None,01/14/2014 08:35:27,36.07615086,24.86572665
2,None,01/14/2014 08:35:58,36.07465255,24.86573805
2,None,01/14/2014 08:36:29,36.07334309,24.86600126
2,None,01/14/2014 08:37:00,36.07248149,24.86667297
2,None,01/14/2014 08:37:31,36.0722307,24.86809931
2,None,01/14/2014 08:38:34,36.06964603,24.86880363
2,None,01/14/2014 08:39:05,36.0696283,24.87033878
2,None,01/14/2014 08:39:36,36.06956332,24.8718752
2,None,01/14/2014 08:40:09,36.06938413,24.873545
2,Jack's Magical Beans,01/14/2014 08:40:41,36.06882524,24.87471655
2,Jack's Magical Beans,01/14/2014 08:41:12,36.06833661,24.87585103
2,None,01/14/2014 08:47:03,36.05194074,24.87716456
2,Cup o'Joe,01/14/2014 08:47:35,36.05194483,24.87873596
2,Cup o'Joe,01/14/2014 08:48:07,36.05118756,24.87957405
2,GAStect,01/14/2014 12:00:01,36.0481111,24.87957075
2,Guy's Gyros,01/14/2014 13:39:01,36.05568661,24.90250028
2,Hippokampos,01/14/2014 19:45:01,36.07668757,24.85757303
2,None,01/15/2014 08:10:01,36.08550358,24.86038233
2,None,01/15/2014 08:13:41,36.07776029,24.86381473
2,None,01/15/2014 08:14:12,36.07659911,24.86473124
2,None,01/15/2014 08:14:44,36.07569347,24.86578242
2,None,01/15/2014 08:15:46,36.07332423,24.86647516
2,None,01/15/2014 08:16:18,36.07238742,24.86718248
2,None,01/15/2014 08:16:49,36.07169028,24.86816059
2,None,01/15/2014 08:17:20,36.07044796,24.86856368
2,None,01/15/2014 08:17:51,36.0696294,24.86930017
2,None,01/15/2014 08:18:22,36.06964062,24.87083808
2,None,01/15/2014 08:18:53,36.06949751,24.87239975
2,None,01/15/2014 08:19:25,36.06934583,24.87399254
2,Jack's Magical Beans,01/15/2014 08:19:56,36.06843981,24.87476649
2,None,01/15/2014 08:20:28,36.06831721,24.87632616
2,None,01/15/2014 08:26:15,36.05192161,24.87740318
2,Cup o'Joe,01/15/2014 08:26:46,36.05192232,24.87895644
2,Cup o'Joe,01/15/2014 08:27:17,36.05103199,24.87957107
2,GAStect,01/15/2014 12:18:01,36.04802451,24.87956808
2,Guy's Gyros,01/15/2014 13:28:04,36.05554189,24.90233731
2,Hippokampos,01/15/2014 19:58:01,36.07666655,24.85761549
2,None,01/16/2014 07:56:01,36.08546856,24.86039442
2,None,01/16/2014 07:57:38,36.08426274,24.85660478
2,None,01/16/2014 07:58:09,36.08427173,24.85509364
2,Bean There Done That,01/16/2014 07:59:58,36.08275185,24.85110691
2,Bean There Done That,01/16/2014 08:26:02,36.08177146,24.85097837
2,None,01/16/2014 08:27:44,36.08062828,24.85484865
2,None,01/16/2014 08:28:47,36.07933611,24.85694525
2,None,01/16/2014 08:29:19,36.07933904,24.85848098
2,None,01/16/2014 08:30:23,36.07806323,24.86046989
2,None,01/16/2014 08:30:55,36.07803084,24.86205206
2,None,01/16/2014 08:31:31,36.07790697,24.86373797
2,None,01/16/2014 08:32:04,36.07660152,24.86467334
2,None,01/16/2014 08:32:36,36.075752,24.86578841
2,None,01/16/2014 08:33:41,36.07332665,24.86657206
2,None,01/16/2014 08:34:13,36.07238665,24.86727729
2,None,01/16/2014 08:34:44,36.07159937,24.86817355
2,None,01/16/2014 08:35:15,36.07036403,24.86858683
2,None,01/16/2014 08:35:46,36.06963887,24.8694027
2,None,01/16/2014 08:36:18,36.06964815,24.87099443
2,None,01/16/2014 08:36:49,36.06948932,24.87253122
2,None,01/16/2014 08:37:20,36.06932545,24.87406155
2,Jack's Magical Beans,01/16/2014 08:37:52,36.06832507,24.87484764
2,None,01/16/2014 08:38:23,36.06823447,24.87630196
2,None,01/16/2014 08:44:06,36.05193786,24.87728965
2,Cup o'Joe,01/16/2014 08:44:38,36.0519376,24.87890623
2,Cup o'Joe,01/16/2014 08:45:09,36.0510696,24.87958769
2,GAStect,01/16/2014 08:47:21,36.04802899,24.87957418
2,GAStect,01/16/2014 11:59:01,36.04811753,24.8795687
2,Hippokampos,01/16/2014 13:46:01,36.07663413,24.85768684
2,Kronos Mart,01/16/2014 20:15:02,36.0660191,24.84978065
2,None,01/17/2014 07:31:02,36.08545551,24.86029667
2,Bean There Done That,01/17/2014 08:09:02,36.0818273,24.85099769
2,None,01/17/2014 08:11:43,36.07934812,24.85672299
2,None,01/17/2014 08:12:14,36.07936968,24.85826792
2,None,01/17/2014 08:12:45,36.07860332,24.85910513
2,None,01/17/2014 08:13:18,36.07807895,24.86020251
2,None,01/17/2014 08:13:49,36.07806569,24.86178874
2,None,01/17/2014 08:14:20,36.07804908,24.86328412
2,None,01/17/2014 08:14:51,36.0769912,24.8641429
2,None,01/17/2014 08:15:22,36.07627225,24.86549789
2,None,01/17/2014 08:15:53,36.07490958,24.86575985
2,None,01/17/2014 08:16:56,36.07266994,24.86668084
2,None,01/17/2014 08:17:28,36.07233107,24.86802753
2,None,01/17/2014 08:17:59,36.07085911,24.86818212
2,None,01/17/2014 08:18:30,36.0696411,24.86860779
2,None,01/17/2014 08:19:01,36.06963392,24.87015681
2,None,01/17/2014 08:19:32,36.06958578,24.87168886
2,None,01/17/2014 08:20:03,36.06940376,24.87323063
2,None,01/17/2014 08:20:34,36.06916347,24.87472479
2,Jack's Magical Beans,01/17/2014 08:21:05,36.06837924,24.8755363
2,Cup o'Joe,01/17/2014 08:27:24,36.05194808,24.87819256
2,Cup o'Joe,01/17/2014 08:27:56,36.05173051,24.87958251
2,GAStect,01/17/2014 12:24:01,36.04811625,24.87957215
2,Ouzeri Elian,01/17/2014 13:41:01,36.05194224,24.87090017
2,Hippokampos,01/18/2014 20:19:01,36.07676143,24.85760188
2,None,01/19/2014 18:16:02,36.08525912,24.86038399
2,Hippokampos,01/19/2014 20:25:01,36.07678721,24.85760497
27,None,01/06/2014 07:35:41,36.06578134,24.88588135
27,Hallowed Grounds,01/06/2014 07:52:03,36.0634997,24.88593529
27,None,01/06/2014 07:53:09,36.06153403,24.88432993
27,None,01/06/2014 07:54:12,36.06009885,24.88245999
27,None,01/06/2014 07:56:50,36.05281096,24.88189332
27,None,01/06/2014 07:57:21,36.05194932,24.88097705
27,Cup o'Joe,01/06/2014 07:57:52,36.05176558,24.87957857
27,GAStect,01/06/2014 12:17:01,36.04811428,24.8795688
27,Gelatogalore,01/06/2014 14:02:02,36.05962098,24.85799854
27,GAStect,01/06/2014 17:24:01,36.04811554,24.87957412
27,None,01/06/2014 19:00:04,36.06890351,24.88427641
27,Katerina's Cafe,01/06/2014 21:03:01,36.05442938,24.89994196
27,None,01/07/2014 07:22:01,36.06923375,24.88424693
27,Hallowed Grounds,01/07/2014 07:57:02,36.06353989,24.88593049
27,None,01/07/2014 07:58:38,36.06075498,24.88365579
27,None,01/07/2014 07:59:10,36.06024815,24.88244974
27,None,01/07/2014 08:01:48,36.05281369,24.88199697
27,None,01/07/2014 08:02:19,36.05200448,24.88099912
27,Cup o'Joe,01/07/2014 08:02:50,36.05188554,24.87957406
27,GAStect,01/07/2014 08:03:52,36.04877799,24.87957838
27,GAStect,01/07/2014 12:25:02,36.04820426,24.87957128
27,Hippokampos,01/07/2014 14:06:01,36.07666711,24.85766211
27,GAStect,01/07/2014 17:18:01,36.04811389,24.87956868
27,None,01/07/2014 19:13:02,36.06910931,24.88420432
27,None,01/08/2014 07:19:01,36.06920321,24.88417003
27,Hallowed Grounds,01/08/2014 07:53:01,36.0635768,24.88588123
27,None,01/08/2014 07:54:35,36.06072025,24.88381298
27,None,01/08/2014 07:55:08,36.06030435,24.8824961
27,None,01/08/2014 07:57:45,36.05281569,24.88215137
27,None,01/08/2014 07:58:17,36.05210793,24.88101891
27,Cup o'Joe,01/08/2014 07:58:48,36.05193867,24.87962827
27,GAStect,01/08/2014 07:59:19,36.05043766,24.87957169
27,GAStect,01/08/2014 12:14:01,36.04811815,24.87957018
27,Kalami Kafenion,01/08/2014 13:54:01,36.06582587,24.85246846
27,GAStect,01/08/2014 17:09:01,36.04811117,24.87956974
27,None,01/09/2014 07:25:02,36.069217,24.8842065
27,None,01/09/2014 07:26:36,36.06602174,24.88594493
27,Hallowed Grounds,01/09/2014 08:12:02,36.06357694,24.88593342
27,None,01/09/2014 08:13:05,36.06154809,24.88449621
27,None,01/09/2014 08:14:08,36.06035154,24.88246023
27,None,01/09/2014 08:16:47,36.05280916,24.88202435
27,None,01/09/2014 08:17:18,36.05206053,24.88102852
27,Cup o'Joe,01/09/2014 08:17:50,36.05188487,24.87956675
27,GAStect,01/09/2014 12:30:01,36.0481198,24.87957437
27,Abila Zacharo,01/09/2014 14:03:01,36.06334152,24.85100475
27,GAStect,01/09/2014 17:10:01,36.04811794,24.87957486
27,None,01/09/2014 18:52:02,36.06907628,24.88423517
27,None,01/10/2014 07:25:03,36.06911506,24.88423868
27,None,01/10/2014 07:26:38,36.06599861,24.88594056
27,Hallowed Grounds,01/10/2014 07:49:01,36.06363687,24.88595414
27,None,01/10/2014 07:50:04,36.06152811,24.88452786
27,None,01/10/2014 07:51:09,36.0602434,24.88244589
27,None,01/10/2014 07:53:47,36.05281953,24.88203252
27,None,01/10/2014 07:54:18,36.05206423,24.88101067
27,Cup o'Joe,01/10/2014 07:54:49,36.0519278,24.87957217
27,GAStect,01/10/2014 12:25:01,36.04811169,24.87957151
27,Abila Zacharo,01/10/2014 14:07:01,36.06338618,24.85098903
27,GAStect,01/10/2014 17:30:01,36.04811358,24.87956926
27,Kalami Kafenion,01/12/2014 13:58:02,36.06599908,24.8523985
27,None,01/12/2014 18:50:01,36.06931513,24.88416486
27,Katerina's Cafe,01/12/2014 19:50:01,36.05442601,24.89997704
27,None,01/13/2014 07:25:01,36.06919408,24.88425047
27,None,01/13/2014 07:26:37,36.06597627,24.8859017
27,Hallowed Grounds,01/13/2014 07:47:03,36.0635354,24.88589046
27,None,01/13/2014 07:48:06,36.06158468,24.88443828
27,None,01/13/2014 07:49:08,36.06034834,24.88246899
27,None,01/13/2014 07:51:47,36.05279531,24.88205194
27,None,01/13/2014 07:52:18,36.05206935,24.88100412
27,Cup o'Joe,01/13/2014 07:52:49,36.05191978,24.87957824
27,GAStect,01/13/2014 12:37:01,36.04811475,24.87957645
27,Katerina's Cafe,01/13/2014 13:54:07,36.05399209,24.89953133
27,GAStect,01/13/2014 17:13:02,36.04819744,24.87956561
27,None,01/14/2014 07:49:35,36.0660961,24.88587306
27,Hallowed Grounds,01/14/2014 08:14:01,36.06361007,24.88590934
27,None,01/14/2014 08:15:11,36.0615958,24.88418561
27,None,01/14/2014 08:15:42,36.06074104,24.88348164
27,None,01/14/2014 08:16:14,36.0600484,24.88248767
27,None,01/14/2014 08:18:52,36.05278485,24.88179934
27,None,01/14/2014 08:19:23,36.05194302,24.88086736
27,Cup o'Joe,01/14/2014 08:19:54,36.05168271,24.87958339
27,GAStect,01/14/2014 08:20:58,36.0484767,24.87957452
27,GAStect,01/14/2014 12:28:01,36.04811028,24.87956652
27,Kalami Kafenion,01/14/2014 13:46:01,36.06582382,24.85246902
27,GAStect,01/14/2014 17:11:02,36.04820225,24.87956591
27,None,01/15/2014 07:37:38,36.0659788,24.88591179
27,Hallowed Grounds,01/15/2014 08:08:01,36.06364206,24.88594917
27,None,01/15/2014 08:12:47,36.05279936,24.88201903
27,None,01/15/2014 08:13:18,36.05207087,24.88102539
27,Cup o'Joe,01/15/2014 08:13:49,36.05193804,24.87957126
27,GAStect,01/15/2014 12:15:01,36.0481121,24.87957684
27,Abila Zacharo,01/15/2014 14:04:03,36.06320305,24.8509725
27,GAStect,01/15/2014 17:32:01,36.04811248,24.87957624
27,Katerina's Cafe,01/15/2014 19:55:01,36.05453377,24.8998333
27,None,01/16/2014 07:05:06,36.06645869,24.88478031
27,None,01/16/2014 07:05:41,36.06576895,24.88595197
27,Hallowed Grounds,01/16/2014 07:51:01,36.06367526,24.88587257
27,None,01/16/2014 07:52:08,36.06159883,24.88437822
27,None,01/16/2014 07:53:12,36.060145,24.88244511
27,None,01/16/2014 07:55:48,36.05279555,24.88199871
27,None,01/16/2014 07:56:19,36.05202529,24.88099284
27,Cup o'Joe,01/16/2014 07:56:50,36.05186541,24.87958142
27,GAStect,01/16/2014 12:20:01,36.04811111,24.87957113
27,Kalami Kafenion,01/16/2014 13:49:02,36.06582401,24.85255693
27,GAStect,01/16/2014 17:19:01,36.0481145,24.87957366
27,None,01/16/2014 19:10:01,36.06915665,24.8841925
27,Katerina's Cafe,01/16/2014 20:54:01,36.05454681,24.8998964
27,None,01/17/2014 07:33:01,36.06924264,24.8842064
27,Hallowed Grounds,01/17/2014 08:07:01,36.06359611,24.88591467
27,None,01/17/2014 08:08:05,36.06154382,24.88453885
27,None,01/17/2014 08:09:09,36.06029725,24.88247403
27,None,01/17/2014 08:11:46,36.05281731,24.88207437
27,None,01/17/2014 08:12:17,36.05210984,24.88102041
27,Cup o'Joe,01/17/2014 08:12:48,36.05194944,24.87962723
27,GAStect,01/17/2014 12:28:01,36.0481195,24.87956938
27,GAStect,01/17/2014 17:12:01,36.04811184,24.8795672
27,Katerina's Cafe,01/19/2014 14:27:01,36.05448569,24.89990661
8,Hallowed Grounds,01/06/2014 07:59:01,36.06358798,24.88592013
8,None,01/06/2014 08:00:03,36.06159079,24.88464579
8,None,01/06/2014 08:01:08,36.06035125,24.88245914
8,None,01/06/2014 08:03:44,36.05282485,24.88218961
8,None,01/06/2014 08:04:15,36.0522148,24.8810643
8,Cup o'Joe,01/06/2014 08:04:46,36.05194241,24.87972753
8,GAStect,01/06/2014 08:05:17,36.05051889,24.87956506
8,GAStect,01/06/2014 08:05:48,36.04898063,24.87958006
8,GAStect,01/06/2014 12:18:01,36.04811983,24.87956854
8,Gelatogalore,01/06/2014 13:50:02,36.05958369,24.8580327
8,GAStect,01/06/2014 17:33:01,36.04811134,24.87956709
8,Hallowed Grounds,01/07/2014 07:39:03,36.06353181,24.88592942
8,None,01/07/2014 07:40:07,36.06157201,24.88436739
8,None,01/07/2014 07:40:38,36.06074245,24.88362711
8,None,01/07/2014 07:41:11,36.06013696,24.88246633
8,None,01/07/2014 07:43:49,36.05278182,24.88194244
8,None,01/07/2014 07:44:20,36.05197129,24.88099771
8,Cup o'Joe,01/07/2014 07:44:51,36.05183404,24.87958302
8,GAStect,01/07/2014 07:45:54,36.04867453,24.87956859
8,GAStect,01/07/2014 12:29:01,36.0481135,24.87957246
8,Katerina's Cafe,01/07/2014 13:37:01,36.05436256,24.89989106
8,GAStect,01/07/2014 17:17:01,36.04810963,24.87956788
8,None,01/07/2014 19:01:01,36.06717973,24.88589685
8,Katerina's Cafe,01/07/2014 20:20:01,36.05446521,24.89989353
8,None,01/08/2014 07:32:02,36.06720112,24.88590986
8,Hallowed Grounds,01/08/2014 08:02:01,36.06364047,24.88591266
8,None,01/08/2014 08:03:04,36.0615778,24.88453001
8,None,01/08/2014 08:03:35,36.06078477,24.88383242
8,None,01/08/2014 08:04:07,36.06036545,24.88249349
8,None,01/08/2014 08:07:17,36.05212901,24.88101207
8,Cup o'Joe,01/08/2014 08:07:49,36.05191493,24.87958502
8,GAStect,01/08/2014 12:11:01,36.04810957,24.87957431
8,Gelatogalore,01/08/2014 13:44:06,36.05923838,24.85807236
8,GAStect,01/08/2014 17:39:01,36.04811593,24.8795696
8,None,01/08/2014 19:22:01,36.06722379,24.88588741
8,Katerina's Cafe,01/08/2014 20:32:01,36.05448796,24.89988772
8,None,01/09/2014 07:43:01,36.06728828,24.88594624
8,Hallowed Grounds,01/09/2014 07:55:02,36.06352901,24.88586695
8,None,01/09/2014 07:56:06,36.0615332,24.88445488
8,None,01/09/2014 07:56:37,36.06072662,24.88374125
8,None,01/09/2014 07:57:11,36.06017848,24.88245317
8,None,01/09/2014 07:59:47,36.05282208,24.88205306
8,None,01/09/2014 08:00:18,36.05206553,24.88102544
8,Cup o'Joe,01/09/2014 08:00:49,36.05192546,24.87958535
8,GAStect,01/09/2014 12:06:01,36.04810846,24.87957292
8,GAStect,01/09/2014 17:31:01,36.04811579,24.87957651
8,Guy's Gyros,01/09/2014 20:30:01,36.05575271,24.90255574
8,Hallowed Grounds,01/10/2014 08:01:01,36.06362659,24.88587076
8,None,01/10/2014 08:02:07,36.0615299,24.88444511
8,None,01/10/2014 08:02:38,36.0607313,24.88367266
8,None,01/10/2014 08:03:14,36.060019,24.88246258
8,None,01/10/2014 08:05:51,36.05279181,24.88183144
8,None,01/10/2014 08:06:22,36.05192429,24.8809059
8,Cup o'Joe,01/10/2014 08:06:53,36.05172183,24.87958743
8,GAStect,01/10/2014 12:28:01,36.04811597,24.87957066
8,GAStect,01/10/2014 17:27:01,36.04811022,24.87956828
8,Frydos Autosupply n' More,01/10/2014 19:00:03,36.05502757,24.9015974
8,None,01/10/2014 23:45:01,36.08544986,24.86049005
8,None,01/11/2014 18:53:01,36.06730392,24.88592951
8,Katerina's Cafe,01/11/2014 19:54:01,36.05445256,24.8999628
8,None,01/12/2014 13:01:01,36.06731866,24.88580375
8,Hippokampos,01/12/2014 13:56:01,36.07665995,24.85767384
8,None,01/12/2014 18:43:02,36.06714415,24.88596568
8,Katerina's Cafe,01/12/2014 19:20:01,36.05451431,24.89986491
8,Hallowed Grounds,01/13/2014 07:17:08,36.06383227,24.88586603
8,Hallowed Grounds,01/13/2014 07:37:03,36.0635067,24.88590425
8,None,01/13/2014 07:38:08,36.06152082,24.88432827
8,None,01/13/2014 07:38:40,36.06075402,24.88354746
8,None,01/13/2014 07:39:12,36.06015097,24.88248582
8,None,01/13/2014 07:41:50,36.05280289,24.88189849
8,None,01/13/2014 07:42:23,36.05192898,24.88085919
8,Cup o'Joe,01/13/2014 07:42:54,36.05167105,24.87956862
8,GAStect,01/13/2014 12:25:01,36.04811507,24.8795665
8,Katerina's Cafe,01/13/2014 13:49:01,36.05442969,24.89984305
8,GAStect,01/13/2014 17:22:01,36.04811328,24.87957404
8,Katerina's Cafe,01/13/2014 21:01:01,36.05453237,24.89987663
8,None,01/14/2014 07:15:03,36.06709426,24.88587368
8,Hallowed Grounds,01/14/2014 07:36:01,36.06359042,24.88593303
8,None,01/14/2014 07:37:04,36.06154652,24.88457674
8,None,01/14/2014 07:38:07,36.06038574,24.88250379
8,None,01/14/2014 07:41:16,36.05217647,24.88104866
8,Cup o'Joe,01/14/2014 07:41:48,36.05192335,24.87960408
8,GAStect,01/14/2014 07:42:19,36.05042712,24.87956717
8,GAStect,01/14/2014 12:05:01,36.04811397,24.87957327
8,Hippokampos,01/14/2014 13:51:01,36.07665449,24.85767089
8,GAStect,01/14/2014 17:39:01,36.04811894,24.87956756
8,Katerina's Cafe,01/14/2014 20:18:01,36.05447898,24.8998641
8,None,01/15/2014 07:10:01,36.06723287,24.88591053
8,Hallowed Grounds,01/15/2014 07:42:01,36.06362824,24.88589683
8,None,01/15/2014 07:43:03,36.06159606,24.88462763
8,None,01/15/2014 07:43:35,36.06071817,24.88380297
8,None,01/15/2014 07:44:06,36.06043729,24.88245967
8,Abila Hospital,01/15/2014 07:45:09,36.05726715,24.88244958
8,None,01/15/2014 07:47:13,36.05231529,24.88109184
8,Cup o'Joe,01/15/2014 07:47:44,36.05192877,24.87981451
8,GAStect,01/15/2014 07:48:15,36.05062306,24.87958915
8,GAStect,01/15/2014 12:23:01,36.04811047,24.87957459
8,Abila Zacharo,01/15/2014 13:26:01,36.06338035,24.85096492
8,GAStect,01/15/2014 17:26:01,36.04811092,24.87956563
8,None,01/16/2014 07:27:01,36.06717245,24.88589543
8,Hallowed Grounds,01/16/2014 07:45:01,36.06364754,24.88589012
8,None,01/16/2014 07:46:06,36.06153029,24.88447498
8,None,01/16/2014 07:49:51,36.05280451,24.88183558
8,None,01/16/2014 07:50:22,36.05194974,24.88091856
8,Cup o'Joe,01/16/2014 07:50:53,36.05173499,24.87958006
8,GAStect,01/16/2014 12:29:01,36.04811044,24.8795666
8,Guy's Gyros,01/16/2014 13:26:01,36.05567417,24.90244261
8,GAStect,01/16/2014 17:29:03,36.04828566,24.87956782
8,Katerina's Cafe,01/16/2014 19:45:02,36.05453159,24.89978967
8,Hallowed Grounds,01/17/2014 07:35:01,36.06363608,24.88587331
8,None,01/17/2014 07:36:08,36.0615814,24.88432921
8,None,01/17/2014 07:37:10,36.06020995,24.88248756
8,None,01/17/2014 07:39:45,36.05282468,24.88212465
8,None,01/17/2014 07:40:16,36.0521494,24.88102369
8,Cup o'Joe,01/17/2014 07:40:48,36.05193735,24.87962995
8,GAStect,01/17/2014 12:05:01,36.04811431,24.87956719
8,Kalami Kafenion,01/17/2014 13:18:01,36.06581686,24.85245438
8,None,01/17/2014 19:16:02,36.067148,24.88592774
8,Katerina's Cafe,01/17/2014 20:30:01,36.05445151,24.89989172
8,None,01/18/2014 18:30:01,36.06716711,24.88593175
8,Katerina's Cafe,01/18/2014 19:37:01,36.05448722,24.89978368
8,None,01/19/2014 18:46:03,36.06699313,24.88588724
8,Katerina's Cafe,01/19/2014 19:59:01,36.0545493,24.89987899
101,Abila Airport,01/06/2014 08:24:01,36.05086343,24.82599677
101,Abila Airport,01/06/2014 08:26:42,36.05339958,24.82558233
101,Abila Airport,01/06/2014 08:27:18,36.05340611,24.82731825
101,Kronos Pipe and Irrigation,01/06/2014 08:32:15,36.06510354,24.83222061
101,Kronos Pipe and Irrigation,01/06/2014 09:06:36,36.06529039,24.83302604
101,Maximum Iron and Steel,01/06/2014 10:18:37,36.06403646,24.84143089
101,Carlyle Chemical Inc.,01/06/2014 12:06:01,36.05852906,24.88090849
101,Ouzeri Elian,01/06/2014 13:12:01,36.051969,24.87086861
101,GAStect,01/07/2014 08:12:37,36.04802559,24.87956846
101,Stewart and Sons Fabrication,01/07/2014 10:06:37,36.05414093,24.90809978
101,Nationwide Refinery,01/07/2014 12:06:37,36.05842673,24.88549944
101,GAStect,01/09/2014 08:19:13,36.04808269,24.87956546
101,Abila Airport,01/09/2014 09:27:01,36.05078308,24.82593818
101,Stewart and Sons Fabrication,01/09/2014 10:42:37,36.05414382,24.90816511
101,Nationwide Refinery,01/09/2014 12:54:01,36.05836243,24.88551151
101,None,01/10/2014 08:07:56,36.05110779,24.85869764
101,None,01/10/2014 08:08:32,36.05108933,24.8605102
101,None,01/10/2014 08:09:03,36.05111406,24.86202213
101,None,01/10/2014 08:09:34,36.0511897,24.86354256
101,None,01/10/2014 08:10:05,36.0511705,24.86506814
101,Shoppers' Delight,01/10/2014 08:11:51,36.05282671,24.86868086
101,Ouzeri Elian,01/10/2014 08:12:23,36.05284689,24.87026576
101,Ouzeri Elian,01/10/2014 08:12:55,36.05292344,24.87182151
101,Ouzeri Elian,01/10/2014 08:13:26,36.05287954,24.87340128
101,None,01/10/2014 08:14:00,36.05285004,24.87508729
101,None,01/10/2014 08:14:32,36.05372141,24.87613502
101,Abila Hospital,01/10/2014 08:15:03,36.05476797,24.87671719
101,Abila Hospital,01/10/2014 08:15:35,36.05482227,24.87829455
101,Abila Hospital,01/10/2014 08:16:07,36.05486468,24.87989136
101,Abila Hospital,01/10/2014 08:16:38,36.05541754,24.88087662
101,Carlyle Chemical Inc.,01/10/2014 09:13:49,36.05857172,24.88099454
101,Nationwide Refinery,01/10/2014 10:42:37,36.05844488,24.88547325
101,Nationwide Refinery,01/10/2014 12:40:49,36.0584545,24.88559328
101,GAStect,01/10/2014 13:13:01,36.04811972,24.8795688
101,GAStect,01/13/2014 07:30:38,36.04812856,24.87957085
101,GAStect,01/13/2014 07:31:09,36.04968361,24.87956933
101,Abila Airport,01/13/2014 08:19:14,36.05077123,24.82593531
101,Abila Airport,01/13/2014 08:22:04,36.05349868,24.82603384
101,Kronos Pipe and Irrigation,01/13/2014 09:01:49,36.06529526,24.83302943
101,Maximum Iron and Steel,01/13/2014 10:21:01,36.06410046,24.84146189
101,Carlyle Chemical Inc.,01/13/2014 12:07:14,36.05840046,24.88087562
101,GAStect,01/13/2014 17:11:01,36.04811211,24.87957175
101,GAStect,01/14/2014 08:42:37,36.04807269,24.87957549
101,Abila Airport,01/14/2014 09:54:37,36.05094585,24.82591988
101,Stewart and Sons Fabrication,01/14/2014 11:06:01,36.05412487,24.9081005
101,Nationwide Refinery,01/14/2014 13:03:01,36.05845324,24.88549599
101,Abila Airport,01/16/2014 09:26:25,36.05083713,24.82596703
101,Stewart and Sons Fabrication,01/16/2014 11:13:13,36.0541493,24.90812048
101,Nationwide Refinery,01/16/2014 12:39:03,36.05817738,24.88551647
101,Stewart and Sons Fabrication,01/16/2014 17:19:01,36.05414664,24.90820251
24,None,01/06/2014 07:40:34,36.06146559,24.89883593
24,None,01/06/2014 07:41:38,36.05996725,24.90015987
24,None,01/06/2014 07:42:42,36.05829604,24.90158115
24,Brew've Been Served,01/06/2014 07:44:49,36.05407738,24.90109794
24,Brew've Been Served,01/06/2014 08:07:02,36.05402894,24.90114102
24,GAStect,01/06/2014 08:11:51,36.04902394,24.87957783
24,GAStect,01/06/2014 12:24:01,36.04811216,24.87957617
24,Kalami Kafenion,01/06/2014 13:59:01,36.06583817,24.85247543
24,GAStect,01/06/2014 17:39:02,36.04820528,24.87956719
24,None,01/06/2014 18:40:03,36.06257238,24.89862836
24,Albert's Fine Clothing,01/06/2014 21:04:05,36.07525297,24.85676189
24,None,01/07/2014 07:21:01,36.06250291,24.89886489
24,None,01/07/2014 07:21:34,36.06142694,24.89893781
24,None,01/07/2014 07:22:37,36.05994678,24.90022021
24,None,01/07/2014 07:23:15,36.05875144,24.90034249
24,None,01/07/2014 07:23:47,36.05823145,24.90184752
24,None,01/07/2014 07:24:21,36.05712702,24.90170347
24,Brew've Been Served,01/07/2014 08:02:01,36.0541186,24.90124367
24,GAStect,01/07/2014 08:06:50,36.04907382,24.8795681
24,GAStect,01/07/2014 11:10:01,36.0481167,24.87956993
24,None,01/07/2014 12:31:01,36.05021624,24.90047475
24,Katerina's Cafe,01/07/2014 14:11:01,36.05445552,24.89987327
24,GAStect,01/07/2014 17:55:01,36.04811539,24.87957246
24,None,01/08/2014 08:06:04,36.06237493,24.89875193
24,None,01/08/2014 08:07:14,36.06035745,24.89920641
24,Brew've Been Served,01/08/2014 08:22:04,36.05397529,24.90108056
24,GAStect,01/08/2014 08:26:44,36.0492247,24.87971604
24,GAStect,01/08/2014 11:20:01,36.04811578,24.87957389
24,None,01/08/2014 12:09:04,36.08070768,24.84654444
24,Guy's Gyros,01/08/2014 14:05:01,36.05570501,24.90249923
24,GAStect,01/08/2014 17:44:01,36.04811538,24.87957645
24,None,01/08/2014 18:40:02,36.06239944,24.89873523
24,Guy's Gyros,01/08/2014 19:52:05,36.05615997,24.90270328
24,None,01/08/2014 23:00:01,36.06248995,24.89878192
24,None,01/09/2014 03:30:01,36.07214572,24.8746267
24,None,01/09/2014 03:31:04,36.0738269,24.87617989
24,Ahaggo Museum,01/09/2014 03:31:37,36.07521045,24.87640078
24,Ahaggo Museum,01/09/2014 03:32:09,36.07516744,24.87799244
24,Ahaggo Museum,01/09/2014 03:32:41,36.07520904,24.87960244
24,None,01/09/2014 03:33:13,36.07489433,24.88096138
24,None,01/09/2014 03:39:20,36.06395026,24.89686259
24,None,01/09/2014 07:42:01,36.06247664,24.89886428
24,None,01/09/2014 07:42:38,36.06141768,24.89912226
24,None,01/09/2014 07:44:44,36.05824037,24.9016561
24,Brew've Been Served,01/09/2014 07:46:51,36.05411228,24.90124692
24,Brew've Been Served,01/09/2014 08:03:01,36.05398128,24.90120317
24,GAStect,01/09/2014 08:07:54,36.0488638,24.87957841
24,GAStect,01/09/2014 11:17:01,36.04811692,24.87957385
24,None,01/09/2014 12:32:02,36.05904129,24.8926252
24,Hippokampos,01/09/2014 13:59:01,36.07666726,24.85769936
24,GAStect,01/09/2014 17:40:01,36.04811987,24.87957638
24,None,01/09/2014 19:04:03,36.06229015,24.89869619
24,Guy's Gyros,01/09/2014 21:12:01,36.05585857,24.90251365
24,None,01/10/2014 07:50:01,36.06248732,24.89884682
24,None,01/10/2014 07:50:34,36.06150204,24.89894014
24,None,01/10/2014 07:51:37,36.05990793,24.90015183
24,None,01/10/2014 07:53:17,36.05718973,24.90181964
24,Brew've Been Served,01/10/2014 08:19:04,36.05386687,24.9010554
24,GAStect,01/10/2014 08:23:51,36.04901831,24.87957518
24,GAStect,01/10/2014 11:10:01,36.04811054,24.87957009
24,None,01/10/2014 12:20:03,36.06962962,24.84171511
24,Kalami Kafenion,01/10/2014 13:56:01,36.06583136,24.85247053
24,GAStect,01/10/2014 17:52:01,36.04811544,24.87957036
24,None,01/10/2014 19:27:01,36.06246353,24.89887556
24,None,01/11/2014 12:54:01,36.06243193,24.89877099
24,None,01/13/2014 07:32:01,36.0624566,24.89881428
24,None,01/13/2014 07:32:34,36.06149468,24.89885543
24,None,01/13/2014 07:33:08,36.06041815,24.89891474
24,None,01/13/2014 07:33:47,36.05947494,24.89993182
24,None,01/13/2014 07:34:53,36.05811839,24.90216015
24,Brew've Been Served,01/13/2014 08:07:01,36.05408598,24.90120611
24,GAStect,01/13/2014 08:11:47,36.04921267,24.8795681
24,GAStect,01/13/2014 11:16:01,36.04811176,24.87956606
24,Hippokampos,01/13/2014 12:31:01,36.07669344,24.85756776
24,U-Pump,01/13/2014 13:22:01,36.06767177,24.87147998
24,Frydos Autosupply n' More,01/13/2014 19:29:01,36.05498246,24.901776
24,None,01/14/2014 03:20:01,36.06254416,24.89882224
24,None,01/14/2014 03:20:37,36.06304663,24.8970917
24,Ahaggo Museum,01/14/2014 03:27:43,36.07523196,24.87930175
24,Ahaggo Museum,01/14/2014 03:28:15,36.07515141,24.87775161
24,Ahaggo Museum,01/14/2014 03:28:46,36.07525822,24.87617493
24,None,01/14/2014 03:29:17,36.07527976,24.87467669
24,None,01/14/2014 03:29:50,36.07620498,24.8739946
24,None,01/14/2014 03:30:24,36.07702345,24.8731101
24,None,01/14/2014 03:30:55,36.07715059,24.87167412
24,None,01/14/2014 03:31:28,36.07823585,24.87177994
24,None,01/14/2014 07:47:01,36.07822041,24.87210034
24,None,01/14/2014 07:47:32,36.077347,24.87149087
24,None,01/14/2014 07:48:05,36.07613596,24.87093901
24,None,01/14/2014 07:48:37,36.07551396,24.86984155
24,None,01/14/2014 07:49:08,36.07523502,24.86851779
24,None,01/14/2014 07:49:39,36.07430662,24.86788217
24,None,01/14/2014 07:50:10,36.0739049,24.86666976
24,None,01/14/2014 07:50:41,36.07332417,24.86570984
24,Brewed Awakenings,01/14/2014 07:51:12,36.07333899,24.86420448
24,Brewed Awakenings,01/14/2014 08:18:01,36.07329628,24.86419541
24,None,01/14/2014 08:19:07,36.07144255,24.86580518
24,None,01/14/2014 08:19:38,36.07065654,24.86659481
24,None,01/14/2014 08:20:11,36.07054577,24.86808935
24,None,01/14/2014 08:20:42,36.06963491,24.86883114
24,None,01/14/2014 08:21:13,36.06963058,24.8703914
24,None,01/14/2014 08:21:45,36.06955563,24.87199006
24,None,01/14/2014 08:22:16,36.06937863,24.87350709
24,Jack's Magical Beans,01/14/2014 08:22:47,36.06889868,24.87474594
24,Jack's Magical Beans,01/14/2014 08:23:18,36.06836188,24.87576321
24,None,01/14/2014 08:29:12,36.0519339,24.87724559
24,Cup o'Joe,01/14/2014 08:29:44,36.05194283,24.87883793
24,Cup o'Joe,01/14/2014 08:30:16,36.05108546,24.87957734
24,GAStect,01/14/2014 11:19:01,36.04811354,24.87957038
24,None,01/14/2014 12:17:01,36.05894874,24.89284962
24,Abila Zacharo,01/14/2014 14:04:01,36.06334839,24.85098184
24,GAStect,01/14/2014 17:46:01,36.04802432,24.87956958
24,None,01/14/2014 18:54:06,36.0620109,24.89851767
24,Frydos Autosupply n' More,01/14/2014 20:41:01,36.05497673,24.90185453
24,None,01/15/2014 07:44:37,36.05993771,24.90015414
24,None,01/15/2014 07:46:17,36.0572826,24.90172921
24,GAStect,01/15/2014 08:09:48,36.0491749,24.87957978
24,GAStect,01/15/2014 11:13:01,36.0481083,24.87956659
24,None,01/15/2014 12:24:01,36.06324321,24.90017553
24,Hippokampos,01/15/2014 14:08:02,36.07668446,24.85776871
24,None,01/15/2014 18:23:04,36.06220947,24.89860097
24,Guy's Gyros,01/15/2014 19:56:01,36.05586308,24.90257138
24,None,01/16/2014 07:57:02,36.06242548,24.89876497
24,None,01/16/2014 07:58:07,36.06050448,24.89899175
24,None,01/16/2014 07:58:44,36.05962816,24.90007347
24,None,01/16/2014 07:59:52,36.05819152,24.90208246
24,Brew've Been Served,01/16/2014 08:10:03,36.05396114,24.90114013
24,GAStect,01/16/2014 08:14:44,36.04922758,24.87971224
24,GAStect,01/16/2014 11:11:01,36.04811834,24.8795745
24,None,01/16/2014 12:35:09,36.06982796,24.8422554
24,Gelatogalore,01/16/2014 17:19:02,36.05953784,24.85800251
24,GAStect,01/16/2014 17:47:01,36.04811619,24.87957187
24,None,01/16/2014 19:18:01,36.06243817,24.89872863
24,Roberts and Sons,01/16/2014 20:28:01,36.0631726,24.85230146
24,None,01/17/2014 07:18:02,36.06235499,24.89880303
24,Coffee Cameleon,01/17/2014 07:21:47,36.05470492,24.8916211
24,Coffee Cameleon,01/17/2014 07:22:18,36.05464211,24.89006044
24,Coffee Cameleon,01/17/2014 08:17:01,36.05465667,24.8897348
24,None,01/17/2014 08:17:33,36.05466995,24.8881273
24,None,01/17/2014 08:18:09,36.05421892,24.88679365
24,None,01/17/2014 08:19:17,36.05274287,24.88475016
24,None,01/17/2014 08:19:50,36.05281265,24.883093
24,None,01/17/2014 08:20:21,36.05275101,24.8815428
24,Cup o'Joe,01/17/2014 08:20:52,36.05192627,24.88062326
24,Cup o'Joe,01/17/2014 08:21:23,36.05143145,24.87957473
24,GAStect,01/17/2014 08:21:54,36.04990467,24.87957805
24,GAStect,01/17/2014 12:21:01,36.04811216,24.87957531
24,Katerina's Cafe,01/17/2014 14:03:01,36.05435421,24.89986287
24,GAStect,01/17/2014 17:12:01,36.04811204,24.879571
24,GAStect,01/17/2014 17:42:01,36.04811001,24.87956748
24,None,01/17/2014 18:53:05,36.06210189,24.89862272
24,Guy's Gyros,01/17/2014 21:11:02,36.05594904,24.90259862
24,None,01/18/2014 18:39:01,36.06251592,24.89884321
24,Katerina's Cafe,01/18/2014 19:38:01,36.05450373,24.89998197
24,None,01/19/2014 12:43:02,36.06234039,24.89868242
24,Katerina's Cafe,01/19/2014 13:56:02,36.05465845,24.90004188
24,None,01/19/2014 18:32:01,36.0624452,24.89885858
24,Guy's Gyros,01/19/2014 20:36:01,36.05591868,24.90259431
23,None,01/06/2014 07:43:33,36.05789916,24.90217199
23,Brew've Been Served,01/06/2014 07:56:03,36.05397041,24.90115635
23,GAStect,01/06/2014 08:00:48,36.04916842,24.87957304
23,GAStect,01/06/2014 12:20:01,36.0481106,24.87957422
23,Kalami Kafenion,01/06/2014 13:23:01,36.06581864,24.85245135
23,GAStect,01/06/2014 16:45:01,36.04811242,24.87957326
23,U-Pump,01/06/2014 17:30:01,36.06774029,24.87148791
23,None,01/06/2014 18:45:03,36.05842597,24.90129488
23,None,01/07/2014 07:45:01,36.0584526,24.90102965
23,None,01/07/2014 07:45:32,36.05791904,24.90223054
23,None,01/07/2014 07:46:05,36.05655435,24.90122727
23,Brew've Been Served,01/07/2014 07:47:22,36.05409496,24.90120248
23,Brew've Been Served,01/07/2014 07:58:02,36.05394299,24.90114721
23,GAStect,01/07/2014 08:02:47,36.04921643,24.87957059
23,GAStect,01/07/2014 12:19:01,36.04811133,24.87957583
23,Katerina's Cafe,01/07/2014 13:42:01,36.05440915,24.89985436
23,GAStect,01/07/2014 17:28:01,36.04811079,24.87957667
23,Guy's Gyros,01/07/2014 19:55:01,36.05581375,24.90252486
23,None,01/08/2014 07:34:01,36.05852578,24.90107494
23,Brew've Been Served,01/08/2014 07:56:01,36.05406798,24.90122736
23,GAStect,01/08/2014 08:00:44,36.04921531,24.87970912
23,GAStect,01/08/2014 11:56:01,36.0481184,24.8795753
23,Gelatogalore,01/08/2014 13:42:01,36.05966073,24.85804982
23,GAStect,01/08/2014 17:28:02,36.04820716,24.87956893
23,Guy's Gyros,01/08/2014 20:19:01,36.05581008,24.90252188
23,None,01/09/2014 07:41:01,36.05841526,24.90101976
23,Brew've Been Served,01/09/2014 07:43:13,36.05417983,24.90080655
23,Brew've Been Served,01/09/2014 08:02:01,36.05409636,24.90116845
23,GAStect,01/09/2014 08:06:50,36.04906079,24.87957899
23,GAStect,01/09/2014 12:14:01,36.04811038,24.87956669
23,Abila Zacharo,01/09/2014 13:28:02,36.0632797,24.85096757
23,GAStect,01/09/2014 17:10:01,36.04811996,24.8795735
23,Frydos Autosupply n' More,01/09/2014 19:37:04,36.05513046,24.9015335
23,None,01/10/2014 07:21:04,36.05845294,24.90115598
23,Brew've Been Served,01/10/2014 07:52:02,36.05399956,24.90110791
23,GAStect,01/10/2014 07:56:45,36.04921516,24.87966423
23,GAStect,01/10/2014 12:15:01,36.04811972,24.8795681
23,Kalami Kafenion,01/10/2014 13:31:01,36.06582144,24.85247384
23,Guy's Gyros,01/12/2014 19:19:01,36.05588004,24.90258759
23,None,01/13/2014 07:42:01,36.05842518,24.90105408
23,None,01/13/2014 07:42:34,36.05781023,24.90218571
23,Brew've Been Served,01/13/2014 08:01:04,36.05386676,24.90114414
23,GAStect,01/13/2014 08:05:47,36.04921509,24.87958249
23,GAStect,01/13/2014 11:57:01,36.04811167,24.87957256
23,Katerina's Cafe,01/13/2014 13:23:01,36.05437839,24.89982171
23,GAStect,01/13/2014 17:14:01,36.04811025,24.87956917
23,Brew've Been Served,01/14/2014 07:34:10,36.05421794,24.90067434
23,Brew've Been Served,01/14/2014 07:49:01,36.05408592,24.90113681
23,GAStect,01/14/2014 07:53:47,36.04922488,24.8795725
23,GAStect,01/14/2014 12:23:01,36.04811929,24.87957088
23,Ouzeri Elian,01/14/2014 13:43:02,36.0519417,24.87096946
23,None,01/14/2014 18:38:02,36.05857857,24.90091652
23,Albert's Fine Clothing,01/14/2014 20:08:01,36.07523777,24.85636342
23,None,01/15/2014 07:37:01,36.05851364,24.90111289
23,Katerina's Cafe,01/15/2014 07:38:38,36.05519122,24.90038269
23,Brew've Been Served,01/15/2014 08:06:01,36.0540868,24.90117046
23,GAStect,01/15/2014 08:10:49,36.04911716,24.87957656
23,GAStect,01/15/2014 11:58:01,36.04811887,24.87957551
23,Ouzeri Elian,01/15/2014 13:30:01,36.05196465,24.87087092
23,Guy's Gyros,01/15/2014 20:00:01,36.05592019,24.90253565
23,None,01/16/2014 07:10:03,36.05846202,24.90111032
23,Brew've Been Served,01/16/2014 07:12:09,36.05429046,24.90066298
23,Brew've Been Served,01/16/2014 07:42:01,36.05404606,24.9011432
23,GAStect,01/16/2014 07:46:40,36.04920355,24.87991397
23,GAStect,01/16/2014 07:47:11,36.04806663,24.87957347
23,GAStect,01/16/2014 12:05:01,36.04811885,24.87957093
23,Katerina's Cafe,01/16/2014 13:30:03,36.05422542,24.89979479
23,GAStect,01/16/2014 17:19:01,36.04810891,24.87956551
23,Guy's Gyros,01/16/2014 19:10:01,36.05589411,24.90252292
23,None,01/17/2014 07:53:01,36.0584432,24.90101463
23,None,01/17/2014 07:53:34,36.0578066,24.90209079
23,Brew've Been Served,01/17/2014 07:55:09,36.05426625,24.90061996
23,Brew've Been Served,01/17/2014 08:05:01,36.05407489,24.90116332
23,GAStect,01/17/2014 08:09:46,36.04922172,24.87960908
23,GAStect,01/17/2014 12:21:01,36.04810931,24.87957315
23,Guy's Gyros,01/17/2014 13:28:01,36.05576948,24.90245547
23,GAStect,01/17/2014 17:12:01,36.04811796,24.87957665
23,None,01/17/2014 18:55:01,36.05840058,24.90105923
23,Guy's Gyros,01/17/2014 20:19:03,36.05606174,24.90261721
23,None,01/18/2014 12:44:01,36.05853431,24.90103533
23,Katerina's Cafe,01/18/2014 13:35:04,36.05455006,24.89963222
23,Guy's Gyros,01/18/2014 19:13:01,36.05585143,24.90260355
23,Ouzeri Elian,01/19/2014 13:29:01,36.05196196,24.87077341
23,Frydos Autosupply n' More,01/19/2014 15:32:01,36.05495766,24.9018185
23,None,01/19/2014 18:16:01,36.05842409,24.90099272
23,Guy's Gyros,01/19/2014 19:46:04,36.05608996,24.90265657
25,Coffee Cameleon,01/06/2014 07:45:06,36.05471527,24.89152594
25,Coffee Cameleon,01/06/2014 07:45:37,36.05466527,24.88993154
25,Coffee Cameleon,01/06/2014 07:55:03,36.05469002,24.8896588
25,None,01/06/2014 07:55:35,36.05466303,24.88806912
25,None,01/06/2014 07:56:07,36.05432884,24.8867944
25,None,01/06/2014 07:57:10,36.05274726,24.88510165
25,None,01/06/2014 07:57:41,36.05278044,24.88353938
25,None,01/06/2014 07:58:12,36.05279814,24.88201932
25,None,01/06/2014 07:58:43,36.05205099,24.88100119
25,Cup o'Joe,01/06/2014 07:59:14,36.05188095,24.87957991
25,GAStect,01/06/2014 12:32:01,36.04811252,24.87957533
25,Katerina's Cafe,01/06/2014 14:01:02,36.05439598,24.89983261
25,GAStect,01/06/2014 17:39:01,36.04811582,24.87957227
25,None,01/07/2014 07:48:01,36.05946293,24.89476557
25,None,01/07/2014 07:49:07,36.05679031,24.89287217
25,Coffee Cameleon,01/07/2014 07:50:12,36.05470287,24.89117118
25,Coffee Cameleon,01/07/2014 08:04:01,36.0546826,24.88981753
25,None,01/07/2014 08:04:32,36.0546376,24.88820125
25,None,01/07/2014 08:05:03,36.05450072,24.88677559
25,None,01/07/2014 08:06:08,36.05275482,24.88518773
25,None,01/07/2014 08:06:39,36.05276875,24.88365932
25,None,01/07/2014 08:07:10,36.05279306,24.88211146
25,None,01/07/2014 08:07:41,36.0521324,24.88102351
25,Cup o'Joe,01/07/2014 08:08:12,36.05192935,24.87962889
25,GAStect,01/07/2014 12:31:01,36.04811872,24.87957267
25,Katerina's Cafe,01/07/2014 20:14:01,36.05447209,24.89995049
25,None,01/08/2014 07:47:01,36.05948199,24.89474428
25,Coffee Cameleon,01/08/2014 07:49:39,36.05463142,24.88981875
25,Coffee Cameleon,01/08/2014 08:02:01,36.05468539,24.88973243
25,None,01/08/2014 08:02:33,36.0546562,24.88813464
25,None,01/08/2014 08:03:06,36.05437197,24.88679629
25,None,01/08/2014 08:04:09,36.05273344,24.88512269
25,None,01/08/2014 08:04:40,36.05275824,24.88358215
25,None,01/08/2014 08:05:11,36.05279251,24.88205537
25,None,01/08/2014 08:05:42,36.05207762,24.8810229
25,Cup o'Joe,01/08/2014 08:06:13,36.05194857,24.87959774
25,GAStect,01/08/2014 08:07:15,36.04883851,24.87957225
25,GAStect,01/08/2014 12:29:01,36.04811971,24.87957324
25,Katerina's Cafe,01/08/2014 13:48:02,36.05429745,24.89982706
25,GAStect,01/08/2014 17:39:01,36.04811914,24.87957441
25,Katerina's Cafe,01/08/2014 20:31:01,36.05453549,24.89995919
25,None,01/09/2014 07:41:01,36.05940556,24.89479234
25,Coffee Cameleon,01/09/2014 07:43:12,36.05470303,24.89120059
25,Coffee Cameleon,01/09/2014 08:05:01,36.05463093,24.88979536
25,None,01/09/2014 08:05:32,36.05468863,24.8882289
25,None,01/09/2014 08:06:04,36.05448553,24.8867851
25,None,01/09/2014 08:07:07,36.05275526,24.88526985
25,None,01/09/2014 08:07:38,36.05275977,24.88368222
25,None,01/09/2014 08:08:09,36.05280084,24.88215236
25,None,01/09/2014 08:08:40,36.05219584,24.8810482
25,Cup o'Joe,01/09/2014 08:09:11,36.05194467,24.8796981
25,GAStect,01/09/2014 08:09:42,36.05048883,24.87956781
25,GAStect,01/09/2014 12:13:01,36.04811116,24.87956571
25,Hippokampos,01/09/2014 13:56:03,36.07665079,24.85785097
25,None,01/10/2014 07:52:02,36.05940625,24.89478112
25,Coffee Cameleon,01/10/2014 07:54:41,36.0546525,24.88983239
25,Coffee Cameleon,01/10/2014 08:17:01,36.0546586,24.88978031
25,None,01/10/2014 08:17:32,36.05465828,24.88818812
25,None,01/10/2014 08:18:04,36.05444022,24.88680638
25,None,01/10/2014 08:19:06,36.05272645,24.88527899
25,None,01/10/2014 08:19:37,36.05274229,24.88375323
25,None,01/10/2014 08:20:08,36.05280079,24.88221342
25,None,01/10/2014 08:20:39,36.05223171,24.88104806
25,Cup o'Joe,01/10/2014 08:21:10,36.05192148,24.87974989
25,GAStect,01/10/2014 08:22:12,36.04900517,24.87957314
25,GAStect,01/10/2014 12:17:01,36.04810878,24.8795653
25,Katerina's Cafe,01/10/2014 13:57:05,36.0540966,24.89965101
25,GAStect,01/10/2014 17:22:01,36.04811715,24.87956785
25,None,01/11/2014 12:39:01,36.05943086,24.89488863
25,Katerina's Cafe,01/11/2014 14:20:03,36.0546864,24.90001108
25,None,01/11/2014 18:36:02,36.05942273,24.89495641
25,Katerina's Cafe,01/11/2014 19:33:03,36.05473349,24.90001705
25,None,01/12/2014 12:54:02,36.05956655,24.89460638
25,Hippokampos,01/12/2014 13:27:01,36.07655263,24.85759307
25,Albert's Fine Clothing,01/12/2014 15:53:03,36.07525763,24.85656226
25,None,01/12/2014 18:35:01,36.05944544,24.89478643
25,None,01/13/2014 07:53:01,36.05947853,24.89475785
25,Coffee Cameleon,01/13/2014 08:19:01,36.0546254,24.8897607
25,None,01/13/2014 08:19:33,36.0546912,24.88813873
25,None,01/13/2014 08:20:05,36.05439668,24.88678556
25,None,01/13/2014 08:21:07,36.05273967,24.88526862
25,None,01/13/2014 08:21:38,36.05275591,24.88370349
25,None,01/13/2014 08:22:12,36.05280568,24.88198683
25,None,01/13/2014 08:22:43,36.0520281,24.88099908
25,Cup o'Joe,01/13/2014 08:23:14,36.05189497,24.87959207
25,GAStect,01/13/2014 12:21:01,36.04811119,24.87957498
25,Katerina's Cafe,01/13/2014 20:25:01,36.05457388,24.89991905
25,None,01/14/2014 07:39:01,36.0594569,24.89485726
25,Coffee Cameleon,01/14/2014 07:41:41,36.05463661,24.8897982
25,Coffee Cameleon,01/14/2014 07:57:04,36.05464702,24.88962353
25,None,01/14/2014 07:57:36,36.05465345,24.88799802
25,None,01/14/2014 07:58:07,36.05430682,24.88680171
25,None,01/14/2014 07:59:11,36.05275928,24.88505057
25,None,01/14/2014 07:59:42,36.05279181,24.88350222
25,None,01/14/2014 08:00:13,36.05279485,24.88195097
25,None,01/14/2014 08:00:44,36.05198395,24.88099313
25,Cup o'Joe,01/14/2014 08:01:16,36.05178075,24.87957819
25,GAStect,01/14/2014 12:36:01,36.04812014,24.87956653
25,Gelatogalore,01/14/2014 13:36:01,36.05970621,24.85801876
25,GAStect,01/14/2014 17:21:01,36.0481187,24.87957577
25,Coffee Cameleon,01/15/2014 07:09:11,36.0546729,24.89125356
25,Coffee Cameleon,01/15/2014 07:54:01,36.05468639,24.88981876
25,None,01/15/2014 07:54:34,36.05469853,24.88812809
25,None,01/15/2014 07:55:09,36.05419502,24.88679461
25,None,01/15/2014 07:56:12,36.05275698,24.88501368
25,None,01/15/2014 07:56:43,36.05276636,24.8834461
25,None,01/15/2014 07:57:14,36.0527873,24.88188688
25,None,01/15/2014 07:57:45,36.05193261,24.88098382
25,Cup o'Joe,01/15/2014 07:58:16,36.05178207,24.8795732
25,GAStect,01/15/2014 07:58:47,36.05024528,24.87958461
25,GAStect,01/15/2014 12:08:01,36.04811691,24.87956742
25,GAStect,01/15/2014 17:26:01,36.04810911,24.87957164
25,Katerina's Cafe,01/15/2014 20:07:01,36.05457814,24.89998455
25,None,01/16/2014 08:03:01,36.05946667,24.89478222
25,Coffee Cameleon,01/16/2014 08:05:07,36.05597264,24.8902497
25,None,01/16/2014 08:05:40,36.05592912,24.88862126
25,None,01/16/2014 08:06:11,36.05593325,24.88704273
25,None,01/16/2014 08:07:44,36.05277128,24.88541169
25,None,01/16/2014 08:08:16,36.052772,24.88381101
25,None,01/16/2014 08:08:47,36.05280932,24.88225247
25,None,01/16/2014 08:09:18,36.05227615,24.88105848
25,Cup o'Joe,01/16/2014 08:09:49,36.05194181,24.87978108
25,GAStect,01/16/2014 08:10:20,36.05060424,24.87957156
25,GAStect,01/16/2014 12:32:01,36.04811174,24.87956575
25,None,01/16/2014 19:13:01,36.05941147,24.89489511
25,None,01/17/2014 07:20:01,36.059403,24.89483535
25,Coffee Cameleon,01/17/2014 07:22:39,36.05466581,24.88986563
25,Coffee Cameleon,01/17/2014 08:07:01,36.05468975,24.88976869
25,None,01/17/2014 08:07:32,36.05466106,24.88819895
25,None,01/17/2014 08:08:03,36.05452196,24.88678984
25,None,01/17/2014 08:09:06,36.05273699,24.88529625
25,None,01/17/2014 08:09:37,36.05277833,24.88372853
25,None,01/17/2014 08:10:09,36.05280015,24.88214665
25,None,01/17/2014 08:10:40,36.05219467,24.88104994
25,Cup o'Joe,01/17/2014 08:11:11,36.05193772,24.87968291
25,GAStect,01/17/2014 08:11:42,36.0505045,24.87957947
25,GAStect,01/17/2014 12:21:01,36.04811593,24.87957497
25,Abila Zacharo,01/17/2014 13:44:01,36.06336719,24.85103139
25,GAStect,01/17/2014 17:42:01,36.04810867,24.87957017
25,Katerina's Cafe,01/17/2014 21:05:01,36.05443152,24.89989025
25,None,01/18/2014 12:38:01,36.0594258,24.89478848
25,kronos capitol,01/19/2014 12:38:02,36.05297464,24.84955229
25,Hippokampos,01/19/2014 13:34:01,36.07654345,24.85760988
25,Albert's Fine Clothing,01/19/2014 15:42:01,36.07527696,24.85635329
25,None,01/19/2014 18:46:01,36.05940498,24.8947462
25,Shoppers' Delight,01/19/2014 19:59:01,36.05282863,24.86861697
30,None,01/06/2014 07:44:33,36.05783548,24.90219029
30,Katerina's Cafe,01/06/2014 07:45:41,36.05497596,24.90025465
30,Brew've Been Served,01/06/2014 08:14:01,36.0540097,24.90122669
30,GAStect,01/06/2014 08:18:45,36.04921728,24.87966019
30,GAStect,01/06/2014 12:27:02,36.04820165,24.87957579
30,Katerina's Cafe,01/06/2014 14:23:01,36.05438865,24.89986754
30,GAStect,01/06/2014 17:22:01,36.04802494,24.87956857
30,None,01/07/2014 07:37:02,36.05847844,24.90112458
30,Brew've Been Served,01/07/2014 07:39:16,36.05415374,24.90098463
30,Brew've Been Served,01/07/2014 08:24:01,36.05407435,24.90118316
30,GAStect,01/07/2014 08:28:50,36.04906509,24.87956974
30,GAStect,01/07/2014 12:41:01,36.04811219,24.87956713
30,Ouzeri Elian,01/07/2014 14:12:02,36.05193418,24.87095271
30,Frydos Autosupply n' More,01/07/2014 20:21:02,36.0550763,24.90165983
30,None,01/08/2014 07:45:01,36.05850779,24.90105071
30,None,01/08/2014 07:47:08,36.05431344,24.90057037
30,Brew've Been Served,01/08/2014 08:11:01,36.05409256,24.90121611
30,GAStect,01/08/2014 08:15:51,36.04902533,24.87957115
30,GAStect,01/08/2014 17:41:01,36.04811036,24.87957139
30,None,01/08/2014 19:23:01,36.05848883,24.90105728
30,Guy's Gyros,01/08/2014 20:59:02,36.0559365,24.9026288
30,None,01/09/2014 07:46:01,36.05847983,24.90105671
30,Brew've Been Served,01/09/2014 08:02:01,36.05398474,24.90118654
30,GAStect,01/09/2014 08:06:56,36.04877193,24.87957552
30,GAStect,01/09/2014 12:33:01,36.04811315,24.8795716
30,Guy's Gyros,01/09/2014 13:59:02,36.05570739,24.90246817
30,GAStect,01/09/2014 17:34:01,36.04810923,24.87956815
30,Frydos Autosupply n' More,01/09/2014 20:21:02,36.05502388,24.90161553
30,None,01/10/2014 07:38:06,36.05838488,24.90129838
30,None,01/10/2014 07:38:44,36.05740576,24.90182957
30,Brew've Been Served,01/10/2014 08:10:01,36.0540669,24.90125272
30,GAStect,01/10/2014 08:14:42,36.04921364,24.87981157
30,GAStect,01/10/2014 12:17:01,36.04802877,24.87956946
30,Hippokampos,01/10/2014 14:08:03,36.07669679,24.85783126
30,None,01/10/2014 19:08:01,36.05845629,24.90113611
30,None,01/11/2014 12:52:03,36.05852527,24.90072502
30,Abila Zacharo,01/11/2014 14:28:01,36.06333737,24.85102102
30,None,01/11/2014 18:52:01,36.05847878,24.90106333
30,Frydos Autosupply n' More,01/11/2014 20:29:01,36.05498684,24.90174374
30,None,01/12/2014 11:32:02,36.0584163,24.90122865
30,Guy's Gyros,01/12/2014 13:35:01,36.05572178,24.90250124
30,Ahaggo Museum,01/12/2014 18:58:03,36.07689419,24.87618415
30,None,01/13/2014 07:48:01,36.05847986,24.90100495
30,None,01/13/2014 07:48:33,36.05782404,24.90211267
30,Brew've Been Served,01/13/2014 08:23:02,36.05401444,24.90116454
30,GAStect,01/13/2014 08:27:47,36.04921543,24.87956752
30,GAStect,01/13/2014 12:27:01,36.04811597,24.87957686
30,GAStect,01/13/2014 17:39:01,36.04811424,24.87956591
30,None,01/13/2014 19:05:01,36.05836729,24.90091453
30,Shoppers' Delight,01/13/2014 20:52:01,36.05287399,24.86866075
30,None,01/14/2014 07:36:01,36.05851653,24.90103394
30,None,01/14/2014 07:37:05,36.05653026,24.90133555
30,Brew've Been Served,01/14/2014 08:24:05,36.05389647,24.90106082
30,GAStect,01/14/2014 08:28:48,36.0491751,24.87957623
30,GAStect,01/14/2014 12:23:02,36.04820589,24.87956604
30,Frydos Autosupply n' More,01/14/2014 20:53:01,36.05492719,24.90184353
30,None,01/15/2014 07:46:05,36.05838605,24.90128123
30,Brew've Been Served,01/15/2014 08:20:03,36.05398779,24.90117596
30,GAStect,01/15/2014 08:24:56,36.04877044,24.87956673
30,GAStect,01/15/2014 12:19:01,36.04811923,24.87957512
30,Kalami Kafenion,01/15/2014 14:24:02,36.0658178,24.85254978
30,None,01/16/2014 07:36:07,36.05644077,24.90124637
30,Brew've Been Served,01/16/2014 07:37:13,36.05415352,24.90076753
30,Brew've Been Served,01/16/2014 08:07:02,36.05397783,24.90115207
30,GAStect,01/16/2014 08:11:48,36.04916421,24.87957691
30,GAStect,01/16/2014 12:14:01,36.04811912,24.87956629
30,Abila Zacharo,01/16/2014 14:00:01,36.06333337,24.85101804
30,GAStect,01/16/2014 17:25:01,36.04811659,24.87957474
30,None,01/16/2014 18:49:01,36.05842814,24.90105636
30,None,01/17/2014 07:40:01,36.05848984,24.9010921
30,None,01/17/2014 07:42:07,36.05424878,24.9004982
30,Brew've Been Served,01/17/2014 08:23:02,36.05398277,24.90120816
30,GAStect,01/17/2014 08:27:48,36.0491653,24.87958143
30,GAStect,01/17/2014 12:34:01,36.04810837,24.87957441
30,Guy's Gyros,01/17/2014 19:49:02,36.05597279,24.9025866
30,None,01/18/2014 12:54:01,36.05850628,24.90090402
30,Kalami Kafenion,01/18/2014 14:18:01,36.06581678,24.85247448
30,None,01/18/2014 18:43:01,36.05853846,24.90091388
30,Abila Zacharo,01/19/2014 14:23:01,36.0634671,24.85098204
30,None,01/19/2014 19:02:01,36.05848233,24.90097611
30,Guy's Gyros,01/19/2014 20:56:02,36.05591767,24.90256593
15,Brew've Been Served,01/06/2014 08:14:04,36.05389489,24.90115274
15,GAStect,01/06/2014 08:18:46,36.04922329,24.87961955
15,GAStect,01/06/2014 12:01:01,36.04811783,24.87956645
15,Katerina's Cafe,01/06/2014 14:00:03,36.05422212,24.89970827
15,GAStect,01/06/2014 17:22:01,36.04811253,24.87957015
15,None,01/07/2014 03:21:43,36.06185204,24.90068843
15,None,01/07/2014 03:22:21,36.06244169,24.89894719
15,None,01/07/2014 03:23:59,36.06469117,24.89529192
15,Ahaggo Museum,01/07/2014 03:30:19,36.07522172,24.87870436
15,Ahaggo Museum,01/07/2014 03:30:51,36.07520135,24.87707045
15,Ahaggo Museum,01/07/2014 03:31:23,36.07523438,24.8755089
15,None,01/07/2014 03:31:55,36.0752358,24.87389916
15,None,01/07/2014 03:32:26,36.07522248,24.8723274
15,None,01/07/2014 03:32:57,36.07580939,24.8713835
15,None,01/07/2014 03:33:28,36.07614147,24.87015143
15,None,01/07/2014 03:33:59,36.07612524,24.86860708
15,None,01/07/2014 03:34:31,36.07680606,24.86769012
15,None,01/07/2014 03:35:02,36.07687309,24.86627629
15,None,01/07/2014 07:29:01,36.07682869,24.86589647
15,Brewed Awakenings,01/07/2014 07:30:03,36.07428504,24.86516323
15,Brewed Awakenings,01/07/2014 07:30:34,36.07375456,24.86417196
15,Brewed Awakenings,01/07/2014 08:13:03,36.07318278,24.86419697
15,None,01/07/2014 08:14:05,36.07142311,24.86570719
15,None,01/07/2014 08:14:37,36.07070344,24.8665924
15,None,01/07/2014 08:15:09,36.07052675,24.86800479
15,None,01/07/2014 08:15:40,36.06965254,24.86872654
15,None,01/07/2014 08:16:11,36.06962175,24.87026501
15,None,01/07/2014 08:16:42,36.0695957,24.87181481
15,None,01/07/2014 08:17:17,36.06940008,24.87355787
15,Jack's Magical Beans,01/07/2014 08:17:48,36.06885158,24.87472948
15,Jack's Magical Beans,01/07/2014 08:18:20,36.068331,24.87587472
15,None,01/07/2014 08:24:09,36.05192202,24.87707214
15,Cup o'Joe,01/07/2014 08:24:41,36.05193648,24.87866674
15,Cup o'Joe,01/07/2014 08:25:13,36.05125291,24.87959202
15,GAStect,01/07/2014 11:33:01,36.04811536,24.87956872
15,None,01/07/2014 12:20:01,36.06956919,24.84157442
15,GAStect,01/07/2014 17:26:01,36.04810904,24.87957175
15,None,01/07/2014 18:29:07,36.0599081,24.90534826
15,None,01/08/2014 07:18:03,36.06028739,24.90553458
15,Brew've Been Served,01/08/2014 07:50:01,36.05402502,24.90114708
15,GAStect,01/08/2014 07:54:49,36.04911267,24.87957023
15,GAStect,01/08/2014 11:17:01,36.04810884,24.87957619
15,Guy's Gyros,01/08/2014 13:46:02,36.05566227,24.90242102
15,None,01/08/2014 18:50:01,36.06037638,24.90564708
15,Frydos Autosupply n' More,01/08/2014 20:19:01,36.05502296,24.90182301
15,None,01/09/2014 03:20:02,36.06040506,24.90556323
15,None,01/09/2014 03:20:40,36.06092978,24.90368278
15,None,01/09/2014 03:21:11,36.06143472,24.90219174
15,None,01/09/2014 03:21:50,36.06193292,24.90036727
15,None,01/09/2014 03:22:55,36.06295423,24.89735607
15,None,01/09/2014 03:23:26,36.06425544,24.89678481
15,None,01/09/2014 03:23:58,36.06477964,24.89532736
15,None,01/09/2014 03:24:31,36.0662812,24.89507908
15,Ahaggo Museum,01/09/2014 03:29:57,36.0752055,24.87977768
15,Ahaggo Museum,01/09/2014 03:30:29,36.07516723,24.87820443
15,Ahaggo Museum,01/09/2014 03:31:01,36.07520138,24.87659616
15,None,01/09/2014 03:31:33,36.07524078,24.87497897
15,None,01/09/2014 07:23:01,36.07219535,24.87460969
15,None,01/09/2014 07:23:33,36.0724359,24.87334691
15,None,01/09/2014 07:24:04,36.07243486,24.87180288
15,None,01/09/2014 07:24:35,36.07121404,24.87142338
15,Jack's Magical Beans,01/09/2014 07:26:10,36.06758254,24.8727108
15,Jack's Magical Beans,01/09/2014 08:10:02,36.06750965,24.87345338
15,Jack's Magical Beans,01/09/2014 08:10:33,36.06733972,24.87498922
15,None,01/09/2014 08:11:04,36.06714422,24.87636629
15,None,01/09/2014 08:16:17,36.05194598,24.87688971
15,Cup o'Joe,01/09/2014 08:16:48,36.05193608,24.87841502
15,Cup o'Joe,01/09/2014 08:17:20,36.0514955,24.87957204
15,GAStect,01/09/2014 08:18:22,36.04839864,24.87956876
15,GAStect,01/09/2014 11:53:01,36.04811232,24.87957602
15,None,01/09/2014 12:15:01,36.06313289,24.90020969
15,GAStect,01/09/2014 17:33:01,36.04811404,24.87956658
15,None,01/09/2014 19:25:02,36.06022227,24.90559339
15,Frydos Autosupply n' More,01/09/2014 20:48:02,36.05507073,24.90197461
15,None,01/10/2014 07:23:01,36.06041484,24.90562838
15,Frydos Autosupply n' More,01/10/2014 07:25:12,36.05496374,24.90187585
15,Brew've Been Served,01/10/2014 08:10:05,36.05384192,24.9011029
15,GAStect,01/10/2014 08:14:54,36.04886757,24.87956559
15,GAStect,01/10/2014 12:10:01,36.04811753,24.87956833
15,None,01/11/2014 11:00:01,36.06035271,24.90568849
15,None,01/11/2014 12:44:02,36.06955297,24.84161789
15,Gelatogalore,01/11/2014 14:03:02,36.05961179,24.85800379
15,None,01/12/2014 18:29:03,36.06013045,24.90546955
15,Guy's Gyros,01/13/2014 07:32:39,36.05632717,24.90281374
15,Brew've Been Served,01/13/2014 08:08:01,36.05402257,24.90122376
15,GAStect,01/13/2014 08:12:43,36.049209,24.87976678
15,GAStect,01/13/2014 11:50:01,36.04811477,24.87957322
15,None,01/13/2014 12:10:03,36.05038127,24.90032122
15,Abila Zacharo,01/13/2014 13:51:02,36.06330459,24.85098662
15,GAStect,01/13/2014 17:11:01,36.04811179,24.87957176
15,None,01/13/2014 18:39:04,36.06048747,24.90530683
15,Shoppers' Delight,01/13/2014 19:30:01,36.05285181,24.86867106
15,None,01/14/2014 07:31:01,36.06030341,24.90557725
15,Brew've Been Served,01/14/2014 07:55:02,36.05396152,24.90117257
15,None,01/14/2014 07:55:35,36.05258224,24.90031095
15,GAStect,01/14/2014 07:59:45,36.04921901,24.87966595
15,GAStect,01/14/2014 11:11:01,36.04810975,24.87956844
15,None,01/14/2014 12:10:01,36.06955046,24.84164057
15,GAStect,01/14/2014 17:37:01,36.04811504,24.87957371
15,None,01/14/2014 19:23:01,36.06027451,24.90559292
15,None,01/15/2014 07:43:01,36.06039405,24.90558487
15,Guy's Gyros,01/15/2014 07:44:48,36.05595834,24.90266579
15,Brew've Been Served,01/15/2014 08:05:04,36.05388456,24.90113606
15,GAStect,01/15/2014 08:09:49,36.04912362,24.87958017
15,GAStect,01/15/2014 11:14:01,36.04811075,24.87957265
15,None,01/15/2014 12:10:01,36.0589737,24.89277061
15,Brew've Been Served,01/16/2014 08:10:01,36.05409011,24.90114057
15,GAStect,01/16/2014 08:14:48,36.04916288,24.87957901
15,GAStect,01/16/2014 12:00:01,36.04811844,24.87956731
15,Ouzeri Elian,01/16/2014 13:47:01,36.05194817,24.87085623
15,GAStect,01/16/2014 17:36:01,36.048117,24.87957085
15,None,01/17/2014 07:53:03,36.06027156,24.90554696
15,Brew've Been Served,01/17/2014 08:17:02,36.0539782,24.90112696
15,GAStect,01/17/2014 08:21:45,36.04921914,24.87966546
15,GAStect,01/17/2014 11:03:01,36.04811919,24.87956689
15,None,01/17/2014 12:22:01,36.08067989,24.8467344
15,Guy's Gyros,01/17/2014 13:45:01,36.05569654,24.90246826
15,GAStect,01/17/2014 17:22:01,36.04811344,24.87956968
15,None,01/18/2014 12:51:06,36.06050952,24.90511207
15,Kalami Kafenion,01/18/2014 13:10:01,36.06582368,24.85246214
15,kronos capitol,01/18/2014 15:13:02,36.05297005,24.84958533
15,None,01/18/2014 18:32:02,36.06039976,24.90550207
15,Katerina's Cafe,01/18/2014 20:15:01,36.05454552,24.89997443
15,None,01/19/2014 18:28:01,36.06032492,24.90564311
15,Guy's Gyros,01/19/2014 20:35:01,36.05589011,24.90260573
28,None,01/06/2014 08:05:01,36.07165969,24.86982651
28,None,01/07/2014 17:25:01,36.05249585,24.87541807
28,None,01/07/2014 20:16:01,36.05543848,24.86629088
28,None,01/08/2014 07:45:03,36.07315904,24.87510385
28,None,01/08/2014 17:26:01,36.05214944,24.87529412
28,None,01/09/2014 07:57:01,36.07144105,24.86968675
28,None,01/09/2014 12:02:01,36.0519251,24.87529768
28,None,01/10/2014 07:13:03,36.07330585,24.87579369
28,None,01/10/2014 07:48:02,36.07175648,24.86938908
28,None,01/11/2014 18:20:02,36.07258286,24.87551636
28,None,01/14/2014 08:01:01,36.0716778,24.86922196
28,None,01/14/2014 12:02:02,36.05270026,24.87565252
28,None,01/14/2014 20:48:01,36.05644948,24.86696192
28,None,01/16/2014 07:39:01,36.07257805,24.87544349
28,None,01/16/2014 17:19:01,36.05227103,24.87495635
28,None,01/16/2014 21:19:04,36.05550551,24.86769033
28,None,01/17/2014 07:59:01,36.0718905,24.86959033
28,kronos capitol,01/18/2014 13:22:01,36.05700197,24.84564701
5,None,01/06/2014 07:59:32,36.06732112,24.87633254
5,Jack's Magical Beans,01/06/2014 08:00:03,36.06732486,24.8747829
5,Jack's Magical Beans,01/06/2014 08:11:01,36.06750623,24.87335253
5,Jack's Magical Beans,01/06/2014 08:11:34,36.06733414,24.87505228
5,None,01/06/2014 08:12:05,36.06710267,24.87633972
5,None,01/06/2014 08:17:24,36.05194237,24.87724157
5,Cup o'Joe,01/06/2014 08:17:55,36.05194957,24.8787645
5,Cup o'Joe,01/06/2014 08:18:26,36.05121261,24.8795886
5,GAStect,01/06/2014 08:19:29,36.04804725,24.87956769
5,GAStect,01/06/2014 12:00:01,36.04811577,24.87956949
5,Katerina's Cafe,01/06/2014 13:48:02,36.05437884,24.89986019
5,GAStect,01/06/2014 17:22:01,36.04811663,24.879565
5,None,01/07/2014 07:20:02,36.06736017,24.8778085
5,None,01/07/2014 07:20:35,36.06738345,24.87614632
5,Jack's Magical Beans,01/07/2014 07:21:06,36.06737806,24.87464997
5,Jack's Magical Beans,01/07/2014 08:03:01,36.06750139,24.87338111
5,Jack's Magical Beans,01/07/2014 08:03:32,36.06735893,24.8749306
5,None,01/07/2014 08:04:03,36.06719655,24.87636989
5,None,01/07/2014 08:08:53,36.05284051,24.87647071
5,None,01/07/2014 08:09:24,36.05192186,24.87721923
5,Cup o'Joe,01/07/2014 08:09:55,36.05193697,24.87876386
5,Cup o'Joe,01/07/2014 08:10:26,36.05119424,24.87958134
5,GAStect,01/07/2014 12:08:01,36.04811877,24.87957309
5,Abila Zacharo,01/07/2014 13:31:04,36.06311909,24.85099013
5,GAStect,01/07/2014 17:17:01,36.04811935,24.87957312
5,None,01/08/2014 07:38:01,36.06732392,24.87783446
5,None,01/08/2014 07:38:33,36.06737617,24.87625229
5,Jack's Magical Beans,01/08/2014 07:39:05,36.06735503,24.87465852
5,Jack's Magical Beans,01/08/2014 08:14:01,36.06754528,24.87339591
5,Jack's Magical Beans,01/08/2014 08:14:32,36.0673827,24.87491817
5,None,01/08/2014 08:15:05,36.06711801,24.8763518
5,None,01/08/2014 08:20:19,36.05195165,24.87697645
5,Cup o'Joe,01/08/2014 08:20:50,36.05192906,24.87850797
5,Cup o'Joe,01/08/2014 08:21:21,36.05143536,24.87958225
5,GAStect,01/08/2014 08:22:23,36.04834957,24.87956822
5,GAStect,01/08/2014 12:13:01,36.04811032,24.87956751
5,Katerina's Cafe,01/08/2014 13:33:06,36.05401607,24.89965145
5,GAStect,01/08/2014 17:34:01,36.0481177,24.87957103
5,None,01/08/2014 19:25:01,36.06727545,24.87796493
5,Jack's Magical Beans,01/09/2014 07:13:05,36.06735335,24.87468782
5,Jack's Magical Beans,01/09/2014 07:45:01,36.06752994,24.87340505
5,Jack's Magical Beans,01/09/2014 07:45:33,36.06733305,24.87496842
5,None,01/09/2014 07:46:05,36.06709673,24.87635167
5,None,01/09/2014 07:51:19,36.05193846,24.87696728
5,Cup o'Joe,01/09/2014 07:51:50,36.05192084,24.8785152
5,Cup o'Joe,01/09/2014 07:52:21,36.05145153,24.87956972
5,GAStect,01/09/2014 12:02:01,36.04811709,24.87957504
5,Gelatogalore,01/09/2014 13:28:01,36.05962349,24.85798612
5,None,01/09/2014 18:44:01,36.06723427,24.87791573
5,Ouzeri Elian,01/09/2014 19:43:02,36.05195402,24.87096063
5,None,01/10/2014 07:11:35,36.0673543,24.87615922
5,Jack's Magical Beans,01/10/2014 07:12:06,36.06734165,24.87461677
5,Jack's Magical Beans,01/10/2014 07:58:01,36.0674941,24.87336773
5,Jack's Magical Beans,01/10/2014 07:58:33,36.06737653,24.8749649
5,None,01/10/2014 07:59:04,36.06716515,24.87633967
5,None,01/10/2014 08:04:17,36.05195412,24.87687494
5,Cup o'Joe,01/10/2014 08:04:49,36.05192445,24.87846263
5,Cup o'Joe,01/10/2014 08:05:20,36.05149022,24.87958516
5,GAStect,01/10/2014 11:52:01,36.04811616,24.87956846
5,Abila Zacharo,01/10/2014 13:34:02,36.06328955,24.85100438
5,GAStect,01/10/2014 17:12:01,36.04811812,24.87956861
5,None,01/10/2014 18:30:01,36.06726682,24.87791618
5,Ouzeri Elian,01/10/2014 18:54:01,36.05192307,24.87086633
5,None,01/11/2014 18:13:01,36.06736001,24.87793243
5,Ouzeri Elian,01/11/2014 19:23:01,36.05193263,24.87089926
5,Ouzeri Elian,01/12/2014 20:08:01,36.05194562,24.87085313
5,Jack's Magical Beans,01/13/2014 07:23:06,36.06736216,24.87463337
5,Jack's Magical Beans,01/13/2014 08:05:01,36.06752123,24.8733656
5,Jack's Magical Beans,01/13/2014 08:05:33,36.06734637,24.87494484
5,None,01/13/2014 08:06:04,36.06717152,24.87638056
5,None,01/13/2014 08:09:48,36.0560577,24.87616417
5,None,01/13/2014 08:11:21,36.05192314,24.87707661
5,Cup o'Joe,01/13/2014 08:11:52,36.05193754,24.87861687
5,Cup o'Joe,01/13/2014 08:12:23,36.05133457,24.8795693
5,GAStect,01/13/2014 08:12:54,36.0498069,24.8795652
5,GAStect,01/13/2014 12:11:01,36.04811431,24.87956578
5,Katerina's Cafe,01/13/2014 13:37:01,36.0543839,24.89986797
5,GAStect,01/13/2014 17:28:01,36.04810972,24.87957567
5,None,01/13/2014 19:07:01,36.06736692,24.87783035
5,Kronos Mart,01/13/2014 20:21:01,36.06583375,24.84988783
5,None,01/14/2014 07:43:05,36.06729438,24.87769411
5,Jack's Magical Beans,01/14/2014 07:43:38,36.06737187,24.87602039
5,Jack's Magical Beans,01/14/2014 07:44:12,36.06739415,24.87434497
5,Jack's Magical Beans,01/14/2014 07:56:03,36.06752857,24.87348203
5,Jack's Magical Beans,01/14/2014 07:56:34,36.06736903,24.87500637
5,None,01/14/2014 07:57:05,36.067131,24.87635547
5,None,01/14/2014 07:59:43,36.05925627,24.87621785
5,None,01/14/2014 08:02:23,36.05194822,24.87719108
5,Cup o'Joe,01/14/2014 08:02:54,36.0519411,24.87871402
5,Cup o'Joe,01/14/2014 08:03:25,36.051263,24.87958967
5,GAStect,01/14/2014 12:04:01,36.04811023,24.87957184
5,None,01/14/2014 19:06:02,36.067166,24.87794996
5,Ouzeri Elian,01/14/2014 20:41:01,36.05193264,24.87085793
5,Jack's Magical Beans,01/15/2014 07:45:01,36.06754386,24.87338793
5,Jack's Magical Beans,01/15/2014 07:45:32,36.06736242,24.87493041
5,None,01/15/2014 07:46:03,36.06724709,24.87633591
5,None,01/15/2014 07:51:24,36.05194477,24.87722659
5,Cup o'Joe,01/15/2014 07:51:55,36.05192381,24.87877471
5,Cup o'Joe,01/15/2014 07:52:26,36.05118453,24.87958726
5,GAStect,01/15/2014 07:52:58,36.04959137,24.87957758
5,GAStect,01/15/2014 07:53:29,36.04804985,24.87956702
5,GAStect,01/15/2014 11:52:02,36.04819743,24.87957116
5,GAStect,01/15/2014 17:12:01,36.04811117,24.87956563
5,None,01/15/2014 18:47:01,36.06723281,24.87794423
5,None,01/16/2014 07:44:34,36.06737982,24.87624402
5,Jack's Magical Beans,01/16/2014 07:45:08,36.0673919,24.87455124
5,Jack's Magical Beans,01/16/2014 08:02:01,36.06749431,24.87336837
5,Jack's Magical Beans,01/16/2014 08:02:32,36.06734767,24.87495435
5,None,01/16/2014 08:03:04,36.06716881,24.87635202
5,None,01/16/2014 08:08:21,36.05192585,24.87707488
5,Cup o'Joe,01/16/2014 08:08:53,36.05194445,24.87866143
5,Cup o'Joe,01/16/2014 08:09:24,36.05128593,24.87958309
5,GAStect,01/16/2014 08:09:55,36.04975175,24.87957694
5,GAStect,01/16/2014 12:15:01,36.04810976,24.8795685
5,Hippokampos,01/16/2014 13:28:01,36.07664027,24.85768698
5,GAStect,01/16/2014 17:22:01,36.04811257,24.87956813
5,None,01/16/2014 18:42:03,36.06709568,24.87796374
5,Ouzeri Elian,01/16/2014 20:26:01,36.05191952,24.87087372
5,None,01/17/2014 07:41:34,36.06733565,24.87622958
5,Jack's Magical Beans,01/17/2014 07:42:05,36.06737279,24.87469672
5,Jack's Magical Beans,01/17/2014 07:54:01,36.06751889,24.87341289
5,Jack's Magical Beans,01/17/2014 07:54:35,36.0673744,24.87508526
5,None,01/17/2014 07:55:08,36.06694778,24.87637645
5,None,01/17/2014 08:00:25,36.05192959,24.87727131
5,Cup o'Joe,01/17/2014 08:00:56,36.05195262,24.87881999
5,Cup o'Joe,01/17/2014 08:01:27,36.05114768,24.879576
5,GAStect,01/17/2014 17:24:01,36.04811722,24.87956541
5,None,01/17/2014 18:38:02,36.06717037,24.87790511
5,Ouzeri Elian,01/17/2014 19:44:01,36.05195552,24.87080282
5,Ouzeri Elian,01/18/2014 19:26:01,36.05191813,24.87085151
5,Ouzeri Elian,01/19/2014 19:50:01,36.05195953,24.87089053
22,None,01/06/2014 08:04:32,36.05792277,24.90217024
22,Brew've Been Served,01/06/2014 08:06:11,36.05423051,24.90071654
22,Brew've Been Served,01/06/2014 08:17:01,36.05408148,24.90125166
22,GAStect,01/06/2014 08:21:45,36.04922516,24.87966873
22,GAStect,01/06/2014 12:13:01,36.04811808,24.87956648
22,Abila Zacharo,01/06/2014 13:28:01,36.0633704,24.85099
22,GAStect,01/06/2014 17:53:01,36.04811961,24.87956946
22,Brew've Been Served,01/07/2014 08:01:02,36.05399528,24.901209
22,GAStect,01/07/2014 08:05:48,36.04916375,24.8795653
22,GAStect,01/07/2014 12:19:01,36.04811968,24.87956632
22,Kalami Kafenion,01/07/2014 13:28:01,36.06583867,24.85247351
22,GAStect,01/07/2014 17:37:01,36.04811868,24.87957669
22,None,01/08/2014 07:58:34,36.05782699,24.90213081
22,None,01/08/2014 07:59:06,36.05648,24.90127882
22,Brew've Been Served,01/08/2014 08:17:01,36.05399014,24.90121236
22,GAStect,01/08/2014 08:21:49,36.04911511,24.8795812
22,GAStect,01/08/2014 12:13:01,36.04811367,24.87957502
22,Gelatogalore,01/08/2014 13:39:01,36.05963008,24.85805211
22,None,01/08/2014 18:29:06,36.05806842,24.90073339
22,Ouzeri Elian,01/08/2014 20:16:01,36.0519599,24.87079888
22,None,01/09/2014 07:37:01,36.05850852,24.9010053
22,None,01/09/2014 07:37:34,36.05775,24.90216278
22,Brew've Been Served,01/09/2014 07:39:11,36.05424515,24.90070114
22,Brew've Been Served,01/09/2014 08:19:01,36.05401578,24.90114205
22,None,01/09/2014 08:19:34,36.0526089,24.90028835
22,GAStect,01/09/2014 08:23:47,36.04921117,24.87957489
22,GAStect,01/09/2014 17:36:01,36.04811372,24.87957564
22,Guy's Gyros,01/09/2014 20:28:02,36.05595287,24.90254389
22,None,01/10/2014 07:23:01,36.05846409,24.90110894
22,None,01/10/2014 07:23:32,36.05793543,24.90222421
22,Brew've Been Served,01/10/2014 08:10:03,36.05399292,24.90109163
22,GAStect,01/10/2014 08:14:49,36.04912706,24.87957003
22,GAStect,01/10/2014 12:02:01,36.04811682,24.87956809
22,GAStect,01/10/2014 17:43:01,36.04811566,24.87956789
22,None,01/11/2014 18:24:02,36.05848148,24.90083838
22,Kalami Kafenion,01/11/2014 20:09:02,36.06581307,24.85255251
22,None,01/12/2014 12:55:01,36.05848849,24.90092126
22,Gelatogalore,01/12/2014 13:40:05,36.05937011,24.85800538
22,None,01/12/2014 18:34:01,36.0584757,24.90095706
22,Gelatogalore,01/12/2014 19:51:04,36.05942638,24.85811212
22,None,01/13/2014 07:30:01,36.05847271,24.90096522
22,None,01/13/2014 07:31:37,36.05520268,24.9004362
22,Brew've Been Served,01/13/2014 08:11:03,36.05401333,24.90108088
22,GAStect,01/13/2014 08:15:52,36.0489676,24.8795818
22,GAStect,01/13/2014 11:54:01,36.04811611,24.87956817
22,GAStect,01/13/2014 17:53:01,36.04811625,24.87957368
22,None,01/13/2014 19:51:01,36.05842368,24.90108361
22,Guy's Gyros,01/13/2014 20:45:01,36.05574027,24.90254722
22,None,01/14/2014 07:40:03,36.05841574,24.90112594
22,Brew've Been Served,01/14/2014 07:42:15,36.05418473,24.90087243
22,Brew've Been Served,01/14/2014 08:05:02,36.05395196,24.90116064
22,GAStect,01/14/2014 08:09:47,36.04922499,24.87956999
22,GAStect,01/14/2014 17:53:01,36.04811461,24.87957531
22,None,01/15/2014 07:28:01,36.05846367,24.90103038
22,None,01/15/2014 07:28:34,36.05782931,24.90215755
22,Brew've Been Served,01/15/2014 07:30:12,36.05427134,24.90079942
22,Brew've Been Served,01/15/2014 07:56:02,36.05400774,24.90122289
22,GAStect,01/15/2014 08:00:51,36.04901664,24.87957971
22,GAStect,01/15/2014 12:12:01,36.04811828,24.87957535
22,Katerina's Cafe,01/15/2014 13:32:01,36.0544627,24.89988462
22,GAStect,01/15/2014 17:53:01,36.0481181,24.87956629
22,None,01/15/2014 19:18:02,36.05847307,24.90122377
22,Guy's Gyros,01/15/2014 21:06:03,36.05607,24.90268591
22,None,01/16/2014 07:20:03,36.05844103,24.9011836
22,None,01/16/2014 07:20:34,36.05776172,24.90212938
22,Brew've Been Served,01/16/2014 07:22:20,36.05409268,24.90113581
22,Brew've Been Served,01/16/2014 08:05:01,36.05403582,24.90120903
22,GAStect,01/16/2014 08:09:50,36.04906178,24.87956689
22,GAStect,01/16/2014 12:05:01,36.04811145,24.8795705
22,Abila Zacharo,01/16/2014 13:24:47,36.06335727,24.8509808
22,GAStect,01/16/2014 17:31:01,36.04811202,24.87956694
22,None,01/16/2014 19:29:01,36.05839634,24.90092781
22,Shoppers' Delight,01/16/2014 20:56:01,36.05283626,24.86869099
22,None,01/17/2014 08:02:04,36.05842568,24.90120566
22,None,01/17/2014 08:02:35,36.05781728,24.90215885
22,Katerina's Cafe,01/17/2014 08:03:39,36.05508966,24.90035767
22,Brew've Been Served,01/17/2014 08:04:13,36.05419529,24.90080611
22,Brew've Been Served,01/17/2014 08:24:02,36.05401332,24.90120347
22,GAStect,01/17/2014 08:28:43,36.04921074,24.87975548
22,GAStect,01/17/2014 17:48:01,36.04811215,24.87957464
22,Shoppers' Delight,01/17/2014 20:23:01,36.05282385,24.86866066
22,None,01/18/2014 10:02:03,36.05823702,24.90086216
22,kronos capitol,01/18/2014 13:22:01,36.052928,24.84936915
22,Hippokampos,01/18/2014 20:07:01,36.07668096,24.85768178
22,None,01/19/2014 18:35:02,36.05844989,24.90119125
9,Bean There Done That,01/06/2014 08:17:35,36.08181151,24.85270286
9,Bean There Done That,01/06/2014 08:18:06,36.08086028,24.85330614
9,None,01/06/2014 08:18:42,36.08072194,24.8548511
9,None,01/06/2014 08:19:52,36.07932651,24.85711609
9,None,01/06/2014 08:21:30,36.0780434,24.86082563
9,None,01/06/2014 08:22:03,36.07802618,24.86244939
9,None,01/06/2014 08:22:34,36.0777748,24.86379428
9,None,01/06/2014 08:23:06,36.07658871,24.86476238
9,None,01/06/2014 08:23:37,36.07569861,24.86577731
9,None,01/06/2014 08:24:39,36.07334073,24.86647318
9,None,01/06/2014 08:25:10,36.07240302,24.86713619
9,None,01/06/2014 08:25:41,36.07175305,24.86814879
9,None,01/06/2014 08:26:12,36.07046054,24.86849878
9,None,01/06/2014 08:26:43,36.06963594,24.86926006
9,None,01/06/2014 08:27:15,36.06963586,24.87083503
9,None,01/06/2014 08:27:46,36.06953562,24.87236595
9,None,01/06/2014 08:28:18,36.0693177,24.87397354
9,Jack's Magical Beans,01/06/2014 08:28:49,36.06845626,24.8747992
9,None,01/06/2014 08:29:22,36.06830096,24.87632459
9,None,01/06/2014 08:35:11,36.05193427,24.87756191
9,Cup o'Joe,01/06/2014 08:35:42,36.0519511,24.87910723
9,Cup o'Joe,01/06/2014 08:36:13,36.05087743,24.87957785
9,Hippokampos,01/06/2014 13:59:01,36.0766504,24.85769053
9,None,01/07/2014 07:15:01,36.08424703,24.85639602
9,None,01/07/2014 07:15:33,36.0839315,24.85509892
9,None,01/07/2014 07:16:06,36.08357636,24.85387163
9,Bean There Done That,01/07/2014 07:17:15,36.08275608,24.85119547
9,None,01/07/2014 08:10:32,36.07333405,24.86614216
9,None,01/07/2014 08:11:03,36.07241429,24.86677566
9,None,01/07/2014 08:11:34,36.07208893,24.86810837
9,None,01/07/2014 08:12:36,36.06964751,24.8688926
9,None,01/07/2014 08:13:07,36.06964011,24.87042741
9,None,01/07/2014 08:13:39,36.06955547,24.87203821
9,None,01/07/2014 08:14:10,36.06935517,24.87355741
9,Jack's Magical Beans,01/07/2014 08:14:42,36.06876285,24.87476743
9,Jack's Magical Beans,01/07/2014 08:15:13,36.06834576,24.87588244
9,None,01/07/2014 08:20:58,36.05194758,24.87691684
9,Cup o'Joe,01/07/2014 08:21:29,36.05193632,24.87844266
9,Cup o'Joe,01/07/2014 08:22:00,36.05152129,24.87959146
9,GAStect,01/07/2014 12:18:01,36.0481159,24.87957261
9,None,01/08/2014 08:12:49,36.07936425,24.85698763
9,None,01/08/2014 08:14:23,36.07802182,24.86047055
9,None,01/08/2014 08:14:58,36.07802063,24.86220019
9,None,01/08/2014 08:15:30,36.07794988,24.86371725
9,None,01/08/2014 08:16:32,36.07596394,24.86577455
9,None,01/08/2014 08:17:34,36.07333105,24.86622869
9,None,01/08/2014 08:18:05,36.07243451,24.86686724
9,None,01/08/2014 08:18:38,36.0718998,24.86812514
9,None,01/08/2014 08:19:40,36.06964048,24.86910292
9,None,01/08/2014 08:20:11,36.06964749,24.87065172
9,None,01/08/2014 08:20:43,36.06953758,24.87224309
9,None,01/08/2014 08:21:14,36.06934878,24.87375249
9,Jack's Magical Beans,01/08/2014 08:21:45,36.06861298,24.87477911
9,Jack's Magical Beans,01/08/2014 08:22:16,36.06836519,24.87605783
9,None,01/08/2014 08:28:06,36.0519452,24.87731341
9,Cup o'Joe,01/08/2014 08:28:38,36.05194024,24.87888353
9,Cup o'Joe,01/08/2014 08:29:09,36.05106251,24.87958907
9,GAStect,01/08/2014 08:29:41,36.04946609,24.87956775
9,GAStect,01/08/2014 12:24:01,36.04811774,24.87957121
9,Katerina's Cafe,01/08/2014 13:56:01,36.0543787,24.89988839
9,None,01/09/2014 08:26:15,36.07932917,24.8552774
9,None,01/09/2014 08:27:18,36.07934965,24.85843818
9,None,01/09/2014 08:28:21,36.07802409,24.860402
9,None,01/09/2014 08:28:53,36.07803625,24.86199476
9,None,01/09/2014 08:29:25,36.07804176,24.86357911
9,None,01/09/2014 08:29:56,36.07680181,24.86430635
9,None,01/09/2014 08:30:27,36.07614939,24.86572676
9,None,01/09/2014 08:31:29,36.07332616,24.86600196
9,None,01/09/2014 08:32:00,36.07247092,24.86668786
9,None,01/09/2014 08:32:31,36.07224853,24.86807796
9,None,01/09/2014 08:33:33,36.06962588,24.86873202
9,None,01/09/2014 08:34:04,36.06961723,24.87028635
9,None,01/09/2014 08:34:36,36.06958014,24.87189844
9,None,01/09/2014 08:35:07,36.06940672,24.87340175
9,Jack's Magical Beans,01/09/2014 08:35:38,36.06900198,24.87471719
9,Jack's Magical Beans,01/09/2014 08:36:09,36.06837725,24.87568778
9,None,01/09/2014 08:36:40,36.0673914,24.87636351
9,Katerina's Cafe,01/09/2014 14:12:01,36.05437003,24.8998395
9,GAStect,01/09/2014 17:23:01,36.04811563,24.87956848
9,None,01/09/2014 18:19:01,36.08422968,24.85630692
9,Hippokampos,01/09/2014 20:16:01,36.07668148,24.85762203
9,None,01/10/2014 07:25:03,36.08432519,24.85624828
9,None,01/10/2014 07:25:37,36.08371805,24.85515612
9,None,01/10/2014 07:26:09,36.08341261,24.85379304
9,Bean There Done That,01/10/2014 07:59:02,36.08178357,24.85096374
9,None,01/10/2014 08:10:33,36.06922928,24.87471752
9,Jack's Magical Beans,01/10/2014 08:11:04,36.06833452,24.87545804
9,None,01/10/2014 08:16:29,36.05303166,24.87643466
9,None,01/10/2014 08:17:00,36.05192117,24.87699019
9,Cup o'Joe,01/10/2014 08:17:31,36.0519475,24.87855687
9,Cup o'Joe,01/10/2014 08:18:02,36.05140979,24.87959492
9,GAStect,01/10/2014 12:20:01,36.04811295,24.87957456
9,None,01/10/2014 23:55:02,36.08544747,24.86028491
9,Hippokampos,01/11/2014 19:34:01,36.07666615,24.85759434
9,Bean There Done That,01/13/2014 08:21:33,36.08182284,24.85253514
9,None,01/13/2014 08:24:46,36.07850453,24.85907118
9,None,01/13/2014 08:25:17,36.07806697,24.86017987
9,None,01/13/2014 08:25:48,36.07802639,24.86172531
9,None,01/13/2014 08:26:19,36.07807124,24.86327226
9,None,01/13/2014 08:27:23,36.07625467,24.8655381
9,None,01/13/2014 08:28:57,36.0726178,24.86666697
9,None,01/13/2014 08:29:28,36.07234084,24.86803418
9,None,01/13/2014 08:29:59,36.07083634,24.8681782
9,None,01/13/2014 08:30:30,36.0696494,24.86860112
9,None,01/13/2014 08:31:01,36.06964013,24.87014606
9,None,01/13/2014 08:31:32,36.06958007,24.87170662
9,None,01/13/2014 08:32:03,36.06939655,24.87320735
9,None,01/13/2014 08:32:36,36.06908887,24.87473196
9,Jack's Magical Beans,01/13/2014 08:33:10,36.06833513,24.87572596
9,None,01/13/2014 08:39:04,36.05195205,24.87721938
9,Cup o'Joe,01/13/2014 08:39:35,36.05195086,24.87873676
9,GAStect,01/13/2014 17:26:01,36.04811813,24.87957434
9,None,01/14/2014 08:10:34,36.06914743,24.8746841
9,Jack's Magical Beans,01/14/2014 08:11:05,36.06834501,24.87552202
9,None,01/14/2014 08:11:37,36.06754456,24.87635402
9,Cup o'Joe,01/14/2014 08:17:24,36.05194462,24.87820812
9,Cup o'Joe,01/14/2014 08:17:55,36.05178418,24.8795822
9,GAStect,01/14/2014 12:23:01,36.04811811,24.87957025
9,Hippokampos,01/14/2014 19:35:01,36.07666211,24.85749818
9,None,01/15/2014 07:38:01,36.08427977,24.85632106
9,None,01/15/2014 07:39:10,36.08339609,24.85387249
9,Bean There Done That,01/15/2014 07:39:42,36.08272529,24.85280629
9,Bean There Done That,01/15/2014 08:18:35,36.08175489,24.85265711
9,None,01/15/2014 08:19:40,36.08078673,24.85491708
9,None,01/15/2014 08:20:43,36.07936049,24.85667614
9,None,01/15/2014 08:21:14,36.07937489,24.85828818
9,None,01/15/2014 08:21:46,36.07849866,24.85910369
9,None,01/15/2014 08:22:17,36.07808315,24.86015934
9,None,01/15/2014 08:22:49,36.07802574,24.86178021
9,None,01/15/2014 08:23:24,36.07802667,24.86351211
9,None,01/15/2014 08:24:26,36.07618412,24.86567987
9,None,01/15/2014 08:24:57,36.07470609,24.86573891
9,None,01/15/2014 08:25:28,36.07332306,24.86594564
9,None,01/15/2014 08:25:59,36.07252778,24.86668252
9,None,01/15/2014 08:26:30,36.0722968,24.86808365
9,None,01/15/2014 08:27:34,36.06964203,24.86879424
9,None,01/15/2014 08:28:05,36.06963251,24.87034226
9,None,01/15/2014 08:28:36,36.06959494,24.87187085
9,None,01/15/2014 08:29:07,36.06940519,24.87340589
9,Jack's Magical Beans,01/15/2014 08:29:38,36.0689803,24.87472546
9,None,01/15/2014 08:30:41,36.06733433,24.87635452
9,None,01/15/2014 08:35:32,36.05292149,24.87645616
9,None,01/15/2014 08:36:04,36.05195411,24.87721102
9,Cup o'Joe,01/15/2014 08:36:35,36.05194919,24.87874637
9,Cup o'Joe,01/15/2014 08:37:07,36.05117998,24.87957861
9,GAStect,01/15/2014 12:17:01,36.04811529,24.87957164
9,GAStect,01/15/2014 17:30:01,36.04811696,24.87956829
9,None,01/16/2014 08:10:34,36.06959412,24.8717789
9,None,01/16/2014 08:11:06,36.0693846,24.87338599
9,Jack's Magical Beans,01/16/2014 08:11:38,36.06896282,24.87474267
9,Jack's Magical Beans,01/16/2014 08:12:09,36.068333,24.87568264
9,None,01/16/2014 08:17:54,36.05192992,24.8767196
9,Cup o'Joe,01/16/2014 08:18:25,36.0519246,24.87824917
9,Cup o'Joe,01/16/2014 08:18:57,36.05168108,24.87957874
9,GAStect,01/16/2014 08:19:59,36.04857241,24.87957689
9,GAStect,01/16/2014 12:17:01,36.04811414,24.87956659
9,GAStect,01/16/2014 17:19:01,36.04810862,24.87957494
9,None,01/16/2014 18:52:02,36.08411268,24.85636335
9,None,01/17/2014 07:36:01,36.08423039,24.85639862
9,None,01/17/2014 07:36:32,36.0839307,24.85517259
9,Bean There Done That,01/17/2014 08:11:01,36.08175025,24.85101631
9,None,01/17/2014 08:12:39,36.08089047,24.85489972
9,None,01/17/2014 08:13:48,36.07933869,24.85697828
9,None,01/17/2014 08:14:21,36.07937391,24.85860176
9,None,01/17/2014 08:15:24,36.07802898,24.86053929
9,None,01/17/2014 08:15:55,36.07806878,24.86209455
9,None,01/17/2014 08:16:27,36.07803419,24.86363101
9,None,01/17/2014 08:16:58,36.07672899,24.86441443
9,None,01/17/2014 08:17:30,36.07604779,24.86577048
9,None,01/17/2014 08:18:32,36.07334099,24.86614255
9,None,01/17/2014 08:19:04,36.07243718,24.86684198
9,None,01/17/2014 08:19:35,36.07203482,24.8681114
9,None,01/17/2014 08:20:38,36.06964109,24.86900655
9,None,01/17/2014 08:21:11,36.06963766,24.87063931
9,None,01/17/2014 08:21:42,36.06954178,24.87220327
9,None,01/17/2014 08:22:13,36.06938396,24.87372338
9,Jack's Magical Beans,01/17/2014 08:22:44,36.06865216,24.8747318
9,None,01/17/2014 08:23:20,36.06837818,24.87625669
9,None,01/17/2014 08:29:10,36.05194776,24.87749341
9,Cup o'Joe,01/17/2014 08:29:41,36.05193954,24.87905317
9,Cup o'Joe,01/17/2014 08:30:12,36.05091084,24.87956889
9,GAStect,01/17/2014 08:30:43,36.04938425,24.87957875
9,GAStect,01/17/2014 12:25:01,36.04802294,24.87956906
9,GAStect,01/17/2014 17:12:01,36.0481175,24.87957165
9,Hippokampos,01/17/2014 20:27:01,36.07667185,24.85761344
9,Hippokampos,01/18/2014 13:22:01,36.07663537,24.85766198
9,Frydos Autosupply n' More,01/18/2014 15:55:03,36.05505198,24.90153709
9,Hippokampos,01/18/2014 20:34:02,36.07670547,24.85745355
9,Hippokampos,01/19/2014 20:23:02,36.07671338,24.85742541
107,Cup o'Joe,01/06/2014 08:47:55,36.05194347,24.88045508
107,None,01/06/2014 08:48:26,36.05273963,24.88139592
107,Abila Hospital,01/06/2014 08:48:57,36.05327043,24.88247044
107,None,01/06/2014 08:50:01,36.05477033,24.88421987
107,None,01/06/2014 08:50:33,36.05508882,24.8854841
107,Nationwide Refinery,01/06/2014 10:03:33,36.05844079,24.88547387
107,Stewart and Sons Fabrication,01/06/2014 11:34:27,36.05418243,24.90809272
107,GAStect,01/07/2014 08:48:40,36.04802337,24.87957363
107,Cup o'Joe,01/07/2014 08:50:14,36.05192218,24.88040239
107,None,01/07/2014 08:50:47,36.05277835,24.8814245
107,Abila Hospital,01/07/2014 08:51:19,36.05337392,24.88248466
107,None,01/07/2014 08:52:22,36.05476517,24.88428417
107,None,01/07/2014 08:52:53,36.05508577,24.88548669
107,Nationwide Refinery,01/07/2014 10:12:46,36.0584654,24.88559585
107,Stewart and Sons Fabrication,01/07/2014 11:35:41,36.05417229,24.90809604
107,Kronos Pipe and Irrigation,01/07/2014 14:22:25,36.06532892,24.83306881
107,GAStect,01/08/2014 08:58:12,36.04803049,24.87957544
107,Cup o'Joe,01/08/2014 08:59:46,36.05193918,24.88040335
107,None,01/08/2014 09:00:17,36.05274802,24.88143437
107,Nationwide Refinery,01/08/2014 10:17:02,36.05846769,24.88550099
107,Stewart and Sons Fabrication,01/08/2014 11:58:09,36.054143,24.90816022
107,Kronos Pipe and Irrigation,01/08/2014 14:09:42,36.06517237,24.83281063
107,Maximum Iron and Steel,01/08/2014 15:20:06,36.06403449,24.84143955
107,Cup o'Joe,01/09/2014 08:43:14,36.05192201,24.88047419
107,None,01/09/2014 08:43:45,36.05274476,24.88138595
107,Abila Hospital,01/09/2014 08:44:16,36.05330577,24.88247489
107,None,01/09/2014 08:45:19,36.0547237,24.88419864
107,None,01/09/2014 08:45:50,36.05499443,24.88548102
107,Nationwide Refinery,01/09/2014 10:17:26,36.05843879,24.88561074
107,Stewart and Sons Fabrication,01/09/2014 11:43:24,36.05418602,24.90814663
107,Carlyle Chemical Inc.,01/09/2014 13:24:54,36.05856036,24.88087128
107,Kronos Pipe and Irrigation,01/09/2014 14:29:17,36.06519833,24.83257785
107,Maximum Iron and Steel,01/09/2014 15:17:21,36.06410072,24.84141463
107,GAStect,01/10/2014 09:03:45,36.04802609,24.87957431
107,Stewart and Sons Fabrication,01/10/2014 11:55:06,36.0541728,24.90808705
107,GAStect,01/13/2014 08:52:26,36.04807663,24.87957193
107,Cup o'Joe,01/13/2014 08:54:03,36.0519283,24.88057659
107,None,01/13/2014 08:54:34,36.05274774,24.88149802
107,Abila Hospital,01/13/2014 08:55:05,36.05340602,24.88247293
107,Abila Hospital,01/13/2014 08:55:36,36.05473385,24.88267716
107,None,01/13/2014 08:56:09,36.05473373,24.88435101
107,None,01/13/2014 08:56:41,36.05517916,24.88547295
107,Nationwide Refinery,01/13/2014 10:19:08,36.05843116,24.88548326
107,Stewart and Sons Fabrication,01/13/2014 11:57:22,36.05419365,24.90826392
107,GAStect,01/14/2014 09:03:45,36.0481137,24.87957118
107,Stewart and Sons Fabrication,01/15/2014 11:49:01,36.05418445,24.90811227
107,Kronos Pipe and Irrigation,01/15/2014 14:13:36,36.0652668,24.83298197
107,Carlyle Chemical Inc.,01/15/2014 15:51:19,36.05861081,24.88087476
107,Cup o'Joe,01/16/2014 08:48:54,36.05194376,24.88037461
107,None,01/16/2014 08:49:25,36.05274183,24.88127034
107,None,01/16/2014 08:49:56,36.05320098,24.88249793
107,None,01/16/2014 08:50:59,36.05473663,24.88407928
107,None,01/16/2014 08:51:30,36.05488936,24.88548281
107,Nationwide Refinery,01/16/2014 10:22:20,36.05848251,24.88560725
107,Stewart and Sons Fabrication,01/16/2014 11:49:53,36.05420744,24.90815633
107,GAStect,01/17/2014 08:58:56,36.04807396,24.87957535
107,Stewart and Sons Fabrication,01/17/2014 11:34:57,36.05411137,24.90806584
107,GAStect,01/17/2014 11:53:01,36.0481084,24.87956638
107,Nationwide Refinery,01/17/2014 13:17:02,36.05844193,24.88567643
107,Nationwide Refinery,01/17/2014 17:12:01,36.05848866,24.88562259
104,Abila Airport,01/06/2014 12:16:54,36.05098457,24.82597308
104,GAStect,01/06/2014 13:23:23,36.04811897,24.87957352
104,Abila Airport,01/07/2014 12:31:48,36.05102575,24.82595634
104,GAStect,01/07/2014 13:44:52,36.04811092,24.87957595
104,Abila Airport,01/07/2014 15:46:54,36.05066593,24.82593753
104,Abila Airport,01/08/2014 12:46:59,36.05099211,24.82597514
104,GAStect,01/08/2014 13:46:58,36.04802662,24.87957173
104,Abila Airport,01/08/2014 15:29:18,36.05084338,24.82598627
104,GAStect,01/09/2014 10:45:21,36.04802302,24.87957677
104,Abila Airport,01/09/2014 12:16:13,36.05097547,24.82598413
104,GAStect,01/09/2014 13:01:51,36.04811644,24.87957567
104,Abila Airport,01/13/2014 12:14:56,36.05100193,24.82596542
104,Abila Airport,01/13/2014 17:11:04,36.05046912,24.82607491
104,Abila Airport,01/14/2014 12:38:03,36.05102641,24.82595264
104,GAStect,01/14/2014 13:56:07,36.04803049,24.87957205
104,Abila Airport,01/14/2014 15:35:04,36.05086406,24.8259462
104,GAStect,01/15/2014 10:12:38,36.0481134,24.87957646
104,GAStect,01/16/2014 10:55:54,36.0481176,24.87957472
104,GAStect,01/16/2014 13:24:47,36.04811397,24.87957244
104,Abila Airport,01/16/2014 17:19:01,36.05080388,24.82595719
104,GAStect,01/16/2014 20:15:01,36.04811878,24.87956674
105,Cup o'Joe,01/07/2014 08:53:00,36.05317267,24.88083231
105,Carlyle Chemical Inc.,01/07/2014 09:56:11,36.05852637,24.88092403
105,Nationwide Refinery,01/07/2014 11:44:45,36.05847508,24.88550466
105,Katerina's Cafe,01/07/2014 13:10:56,36.05448999,24.89973021
105,Carlyle Chemical Inc.,01/07/2014 14:35:51,36.05853437,24.88092563
105,GAStect,01/07/2014 15:54:02,36.04802998,24.87956809
105,Carlyle Chemical Inc.,01/07/2014 16:23:08,36.05844453,24.88090341
105,GAStect,01/08/2014 08:48:17,36.04803174,24.87956602
105,Cup o'Joe,01/08/2014 08:49:21,36.05127906,24.87959007
105,Cup o'Joe,01/08/2014 08:50:23,36.05315613,24.88080536
105,Carlyle Chemical Inc.,01/08/2014 09:44:23,36.05855273,24.88087758
105,Nationwide Refinery,01/08/2014 11:31:01,36.05845335,24.88552479
105,Katerina's Cafe,01/08/2014 13:22:19,36.05456204,24.89978682
105,Carlyle Chemical Inc.,01/08/2014 14:29:11,36.05847126,24.88087504
105,GAStect,01/08/2014 15:52:55,36.04803261,24.87957503
105,Carlyle Chemical Inc.,01/08/2014 16:38:59,36.05843828,24.88089059
105,GAStect,01/09/2014 08:46:00,36.04802144,24.87957578
105,Cup o'Joe,01/09/2014 08:47:33,36.05273537,24.87956643
105,Cup o'Joe,01/09/2014 08:48:04,36.05306502,24.88081861
105,Carlyle Chemical Inc.,01/09/2014 09:55:22,36.05856359,24.88091249
105,Nationwide Refinery,01/09/2014 11:34:33,36.05844437,24.88548032
105,Katerina's Cafe,01/09/2014 13:24:01,36.05456941,24.89966019
105,Carlyle Chemical Inc.,01/09/2014 14:28:51,36.05843576,24.88086637
105,GAStect,01/09/2014 15:47:27,36.04811795,24.87956746
105,Carlyle Chemical Inc.,01/09/2014 16:23:22,36.05852384,24.88089598
105,GAStect,01/14/2014 08:42:03,36.04802587,24.87957419
105,Cup o'Joe,01/14/2014 08:43:38,36.05272846,24.87966422
105,Cup o'Joe,01/14/2014 08:44:09,36.05316813,24.8808153
105,Carlyle Chemical Inc.,01/14/2014 09:35:00,36.05853591,24.88107381
105,Nationwide Refinery,01/14/2014 11:55:57,36.05846725,24.88552747
105,Katerina's Cafe,01/14/2014 13:21:30,36.05455435,24.89981037
105,Carlyle Chemical Inc.,01/14/2014 14:27:50,36.05844657,24.88090343
105,GAStect,01/14/2014 15:49:06,36.04811577,24.87957034
105,Carlyle Chemical Inc.,01/14/2014 16:17:16,36.05854235,24.8809223
105,GAStect,01/15/2014 08:53:43,36.04802791,24.87957205
105,Cup o'Joe,01/15/2014 08:55:48,36.05313332,24.88081785
105,Carlyle Chemical Inc.,01/15/2014 09:36:19,36.05852523,24.8808674
105,Nationwide Refinery,01/15/2014 11:58:36,36.0584399,24.88546548
105,Carlyle Chemical Inc.,01/15/2014 14:30:38,36.05848579,24.88087096
105,GAStect,01/15/2014 15:51:19,36.048022,24.87957287
105,Carlyle Chemical Inc.,01/15/2014 17:04:02,36.058382,24.88090377
105,GAStect,01/16/2014 08:49:14,36.04807267,24.87957558
105,Cup o'Joe,01/16/2014 08:50:49,36.05275455,24.87966164
105,Cup o'Joe,01/16/2014 08:51:21,36.0532338,24.88081722
105,Carlyle Chemical Inc.,01/16/2014 09:54:11,36.05853743,24.88089093
105,Nationwide Refinery,01/16/2014 11:32:26,36.05845704,24.88552268
105,Katerina's Cafe,01/16/2014 13:24:47,36.05444849,24.89997384
105,Carlyle Chemical Inc.,01/16/2014 17:19:01,36.05849672,24.88087023
106,Abila Airport,01/07/2014 13:18:06,36.05079759,24.82591286
106,Abila Scrapyard,01/07/2014 14:20:29,36.07437836,24.84595026
106,Stewart and Sons Fabrication,01/07/2014 15:03:31,36.05414227,24.90820285
106,Nationwide Refinery,01/07/2014 16:28:03,36.05848188,24.88548543
106,Cup o'Joe,01/08/2014 08:19:08,36.05193005,24.880454
106,None,01/08/2014 08:19:39,36.05276152,24.88138012
106,Abila Hospital,01/08/2014 08:20:10,36.05327104,24.8824929
106,None,01/08/2014 08:21:14,36.05472213,24.88423671
106,None,01/08/2014 08:21:46,36.0550607,24.88548962
106,Nationwide Refinery,01/08/2014 09:56:50,36.05847288,24.88560457
106,GAStect,01/09/2014 12:31:15,36.04802722,24.87957416
106,Abila Airport,01/09/2014 13:18:58,36.05078387,24.82598502
106,Abila Scrapyard,01/09/2014 14:14:23,36.0744456,24.84588495
106,Nationwide Refinery,01/09/2014 16:33:05,36.05847421,24.88550948
106,Abila Airport,01/14/2014 13:08:02,36.05080896,24.82590602
106,Abila Scrapyard,01/14/2014 14:19:08,36.07443715,24.84592966
106,Stewart and Sons Fabrication,01/14/2014 14:58:48,36.05413653,24.90822013
106,Nationwide Refinery,01/14/2014 16:34:10,36.05843573,24.88548404
106,Cup o'Joe,01/15/2014 08:39:47,36.05192181,24.88036807
106,None,01/15/2014 08:40:18,36.0527666,24.8812961
106,Abila Hospital,01/15/2014 08:40:50,36.05324495,24.88250201
106,None,01/15/2014 08:41:59,36.05474681,24.88443603
106,None,01/15/2014 08:42:31,36.05527698,24.88551926
106,Nationwide Refinery,01/15/2014 10:08:04,36.05847068,24.88552211
106,Stewart and Sons Fabrication,01/15/2014 11:24:49,36.05422106,24.9083476
106,GAStect,01/15/2014 11:49:01,36.04811649,24.87957667
106,GAStect,01/16/2014 12:39:16,36.04811242,24.87957223
106,Abila Scrapyard,01/16/2014 17:19:02,36.07442121,24.84579545
31,None,01/17/2014 07:33:11,36.06926617,24.88992464
31,Hallowed Grounds,01/17/2014 07:59:01,36.06362347,24.88592625
31,None,01/17/2014 08:00:35,36.06076489,24.88382552
31,None,01/17/2014 08:01:06,36.06039632,24.88245981
31,None,01/17/2014 08:03:43,36.05281326,24.88224193
31,None,01/17/2014 08:04:14,36.0522698,24.88106883
31,Cup o'Joe,01/17/2014 08:04:47,36.05195048,24.87966344
31,GAStect,01/17/2014 12:15:01,36.048116,24.87956903
31,Abila Zacharo,01/17/2014 13:29:01,36.06335087,24.85099789
31,GAStect,01/17/2014 17:29:01,36.04811462,24.87956716
31,Chostus Hotel,01/18/2014 12:35:01,36.07057375,24.89514879
31,Katerina's Cafe,01/18/2014 13:48:01,36.05451022,24.89992355
31,Chostus Hotel,01/19/2014 13:15:01,36.07073741,24.89519635
31,Desafio Golf Course,01/19/2014 15:50:02,36.08953898,24.86103397
31,Chostus Hotel,01/19/2014 18:41:05,36.07029275,24.89511205
31,Guy's Gyros,01/19/2014 19:46:02,36.05598992,24.90259278
